-1.742512628421566179e+00,-1.346197115813829903e+01,-1.299995416329517361e+01,-1.551498314021158365e+01,-8.065344523506750463e+00,4.121159215764810257e-01,-6.213040149879094365e+00,-2.342259730211744717e+00,3.381976290429963949e+00,2.165467131636832931e+01,-6.432740314723198516e+00,-5.639698643816842605e+00,-1.095934478641522780e+01,-6.573997701931286741e+00,-5.492003110076989714e+00,4.266810800957098415e+00,6.658328690274418982e+00,1.391779274809596734e+00,-5.013399077516810465e+00,-6.126953525104992693e+00
-1.051533921561410345e+01,-9.630728565049013312e+00,-1.166644383956928266e+01,-5.214355252646495131e+00,-1.315776854888647307e+01,-2.703744404025461012e+00,-2.808424275817245075e+00,1.511907951702555941e+01,1.248541781924048344e+01,-6.398345320496265920e+00,1.381198879635885834e+00,-3.509696960472875382e+00,-1.005523523592225565e+01,-5.505799951578844720e+00,-1.294511294149962310e+01,7.302674463672759408e+00,-4.958695950906047756e+00,-1.755252981377747545e+01,-3.766449128067575813e+00,1.846670219882287967e+00
-1.431354219554361507e+01,-1.820438440677689940e+01,8.495777144315519891e+00,1.016806784080718451e+01,-1.805904750345354870e+01,-3.190093352817521044e+00,4.818977145632508119e+00,-5.149241340057539418e+00,-1.562766700933367936e+01,-1.356770751108282447e+01,-1.274436471270925741e+00,3.147388462912061868e+00,-2.942660677353426291e+00,-6.172966355957186124e+00,-1.394830700718706851e+01,3.537007149338080136e+00,1.071259830451669792e+01,-1.103318700222303228e+01,-1.606993242647006426e+01,-2.472217623842016376e+00
-1.737110238952882302e+00,-1.807498766381159694e+00,1.808520847714981983e+01,-8.680841564611299077e+00,1.080694659744173691e+01,3.726542758774456843e+00,4.010935284069097939e+00,-9.558160749467731421e+00,3.407340388630458072e+00,6.731225140274331942e+00,-5.015976954854039604e+00,4.387303341512148513e+00,5.574107903711109202e+00,-2.984397094120030403e+01,-1.165234447325469347e+01,-9.477733541719176813e+00,5.969048807523586575e+00,1.192985975367021467e+01,9.413558069184489341e+00,8.690919435602648235e+00
-3.084139013037310306e-01,-2.730023918349311796e+00,-5.660618022664852589e+00,-7.743680650268959020e+00,-3.621459010804266132e+00,-1.060033893418457662e+00,-9.867589228647315025e+00,-5.470385076034150806e+00,6.750790853136060754e+00,1.569613101306987168e+00,-1.897882235617229085e+01,2.931946066468116285e+00,-1.310864175290281430e+01,-1.068376246894908022e+01,-7.550991175974852254e+00,5.813224531067104905e+00,-9.636671835730858504e+00,-4.116906122554956582e+00,-1.908075665986690339e+01,-3.093928951271198713e+00
-3.177768506418900962e-01,2.895959915304474386e+00,9.975138611125789367e+00,1.502989827588803617e+00,4.245391051595107434e+00,7.313437443551934258e+00,-7.349708849320056636e+00,1.078185370475092242e+01,1.514283602336826107e+01,-5.939971753702595336e+00,-8.401145014321476978e+00,-5.976204503404105139e+00,1.459739042973511314e+00,-1.981522671451312689e+01,1.608720841905542187e+01,4.379875781460706108e+00,-1.643786980173677392e+01,7.379155027507627196e+00,2.373080041740235568e+00,-9.473302238937948871e+00
-1.000799101672846803e+00,-1.752056522191983134e+01,6.774867334229239813e-01,5.700064330576736005e+00,1.005136760167813392e+01,-6.075539676516667598e+00,-8.483467900401517880e+00,7.609169113469677725e+00,-5.658829280678333795e+00,-7.307305713854618467e+00,-1.891623309583843060e+00,2.371692782969282209e+00,5.644563113760616702e+00,6.782374770835952305e+00,-7.058339829648071273e+00,1.058357376405569106e+01,1.472771115865231195e+01,-7.652082306078933360e-01,-1.677761338086686038e+01,4.810505352037760751e+00
-1.378114303814682806e+01,5.675096261602617709e+00,-6.556560816724472218e+00,2.022055590875026709e+01,1.480538325810649170e+01,1.345168280642417002e+01,2.838933759231988319e+00,-9.126025038430765624e-02,-2.253251594558932069e+01,1.541858166794870932e+01,-2.194565519780900864e+00,-1.144258042153784771e+01,5.319471102810489072e+00,7.299688800838090685e+00,6.213779622959600957e+00,-3.704090767183804367e+00,2.673851812883231815e+00,-9.129706149379360980e+00,-4.009621221876877861e+00,-3.245726175940314429e-01
-6.201579651455305431e+00,-1.149868322882748828e+01,3.619636412414506399e+00,5.474751242143915952e+00,-8.277588866193540396e-01,6.410754243820774079e+00,4.507069883070264460e+00,7.764964820524049571e+00,-1.519830735943072497e+01,1.347958969641945259e+01,-8.273464790903890531e+00,8.691028618762757674e+00,6.359555880354875512e+00,8.057309668869995223e-01,-4.691304919937669737e+00,1.675013180191779139e+00,3.528713057737800529e+00,1.238413058340018225e+01,1.313055487516038156e+01,-7.961593371965975940e-01
1.920967083901313543e+01,-5.894494522297886618e+00,-1.641222423775667494e+01,-1.108891541704276662e+01,1.618139781474721428e-01,-2.323230930868222188e+01,-1.015197965116612622e+01,1.397780901691693600e+01,-9.761128741384553109e+00,-3.522703435833547392e+00,-1.840655776703044033e+00,8.027070478245105889e+00,2.226359645604837567e+01,-2.295007818350427442e+00,-8.629211183418354025e+00,-1.406783607286099524e+00,-8.573465068626472174e+00,3.178561327363618183e-01,-3.463120801344942823e+00,2.126058721778198102e+00
1.533053363219108123e+00,6.342853834261661383e-01,1.386351924043173156e+01,-2.338992051611477407e+01,1.187142366833702489e+01,-3.118684610729981799e+01,2.218978726836318582e+00,-1.416568298943209570e+00,1.131082698996835134e+01,6.167088476254636298e+00,2.535971708142758629e+00,6.475730428297211461e+00,1.193377557733553473e+01,2.826301898517515898e+00,3.899802436930981830e+00,8.738966515462838203e+00,2.746210623409212204e+01,-7.387064223491435655e+00,5.924493424642108153e+00,1.263039084404339318e+00
7.804858885705058924e+00,1.278867545491809565e+01,7.639485022554755922e+00,2.865572457847716414e+00,-3.175804787574527221e+00,-3.908093727262655470e+00,-2.608056466966072406e+00,-1.701180118492381865e+01,4.000842716556339163e+00,-1.225267698280189999e+00,-2.292190876662702159e+00,4.142155395511634808e+00,1.013318272277794918e+01,-1.519285868818454510e+01,1.022312020380526709e+00,-2.471903601684281782e+01,-7.030916819153874897e+00,-9.341030867011639316e+00,3.298346009164622838e+00,4.835823913429597276e+00
3.226273136139019115e+00,-2.726581069430396020e+00,5.245813922706030752e+00,-2.113922434801316896e+01,1.362769149133124458e+01,4.482751679340639228e+00,8.834507841986157572e+00,-8.286717422166683278e+00,2.238046875521364854e+01,-8.054351791455509613e+00,3.380251503929554424e+00,-1.119469346507335672e+01,-1.320915213154480305e+01,-7.333154829234649341e+00,9.044578623989746546e+00,7.089136215785294404e-01,9.302797886506860792e+00,-6.969050906563944103e+00,-1.819762742031163061e+00,1.136598664636098732e+01
-4.601523227949667394e+00,-1.013235828932911353e+01,-4.450441533117308168e+00,-2.213437016097303456e+01,-2.170795741243289001e+01,-1.558158554299834719e+01,-3.233685269577767585e+00,1.351374505352895206e+01,-5.449325429337666726e+00,9.427803449301128680e+00,3.888302967527601517e+00,9.845813811298848250e+00,-3.674408793879463175e+00,5.056869417677040346e+00,1.062917866488981389e+01,8.961133185303500781e+00,8.534865532613217454e+00,1.807594478680464967e+00,3.156632676856185427e+00,6.605438790483956879e+00
-2.830716560574091822e+00,-9.039679943848746291e+00,-8.014967136183683394e+00,1.083972872407656318e+01,4.806833132814553267e+00,6.527136079914946265e+00,1.026704773336001786e+01,-4.754021717525633406e+00,3.146105826101188274e+00,-4.717746424647867975e+00,-3.306304784468558911e+00,-8.699528475663386162e-01,-5.119627790869260231e+00,1.944104994471743098e+01,3.396490763657540768e+00,-6.848818802925988436e+00,-1.728485512254569922e+00,-1.400264606965675540e+01,-4.184717327888655802e+00,3.836066142021332670e+00
2.053690491207385449e+00,4.402643832154005565e+00,1.492519309624163171e+01,-8.478091352796985447e+00,7.005763156170051742e-01,-9.213053530853011708e+00,5.260043223186375627e+00,4.794907775772649039e+00,5.425158557343396915e+00,4.790295771211391163e+00,-2.218035622878965718e+00,-1.447995378251147880e+00,-5.671546638858084854e+00,1.072943870018213275e+01,-7.725255288530359365e+00,1.645919547665534921e+01,-6.600981944096218079e+00,-1.251214729588326691e+01,1.312247280487893164e+01,1.391419537791034600e+01
6.937764480993399374e+00,-1.315727366141885391e+01,-2.383008259936713474e-02,2.637612102515127344e+00,1.380657750640290793e+01,1.476989909404142765e+01,-7.681226273505323832e+00,-1.161340526937646445e+01,-9.912911027659491836e+00,-1.901478682698394707e+01,-8.905975079371147629e+00,-2.370795933305466896e+00,-8.939934805674988993e+00,1.624648979290674333e+01,-5.309078329519455464e-01,1.259576677422566959e+01,-2.618647929651285011e+00,3.916020693983679912e+00,-2.691776094205867409e+01,-1.393757767602307496e+01
9.538643735091241638e+00,-6.416828579811502564e+00,-1.723364125755937692e+01,-1.805459775152981949e+00,7.413609965840524119e+00,1.813857527487223953e+00,-3.774860664909875485e+00,1.506331958436615892e+01,-2.053912329287172156e+01,-1.474855019402405709e+00,8.267810764226906528e+00,6.727801292591798266e+00,-1.009035932948675551e+00,-1.274671473256179866e+01,1.608350081878689508e+01,1.362302104091547861e+01,-1.090171013147015877e+01,-2.071275050495291481e+01,1.471124067148207537e+01,-1.119280295430260086e+00
1.183464487129839604e+01,5.093009174687860963e+00,-9.224259500459906391e+00,-4.377658225254013047e+00,3.292077528261893349e+01,-5.822301665224972611e-01,-1.143697412482892695e+01,-2.711368318758307971e+00,1.985574380402394823e+01,-4.847790802412980327e+00,5.962664490000804562e+00,-1.296717511355542740e+01,2.538937383931760272e-01,-1.022154000327702583e+01,-1.115376350947761175e+01,2.128282185297612372e+00,5.573267693423701319e-01,-9.251947102776625798e+00,-2.106866077534887971e+00,-8.335872303000339656e+00
1.638587585265437241e+00,-1.702490477405530500e+00,-1.219791272773461799e+01,-2.633870721338858800e+00,-4.531973365878175564e+00,-2.100493874976185005e+00,-9.880843793498637950e+00,-1.833994105212357795e+01,-1.269144002022593654e+01,2.488125469744991047e+00,-5.301132298707296187e+00,8.736759130233997084e+00,7.379540467885186139e+00,-1.183691611090923956e+01,-6.266878694803744487e+00,-8.606886971126371799e-01,-7.281934917066954505e+00,7.161363352971409135e+00,-5.753022652576725626e+00,-7.616926077697448783e+00
8.989289724632715917e+00,-4.823141102301049088e+00,-1.522262902895576886e+01,-6.378713544986098327e+00,8.774755653589195736e-01,5.301406768072674858e+00,-8.317378885412423983e+00,-7.547030912159603533e-01,1.451195801721367040e+01,8.461027115998747128e-01,-4.382586173764627446e+00,1.058559126931189986e+01,-1.373605346333890509e+01,2.163392272347107514e+00,1.366634402770892365e+01,-5.239382577023199872e+00,5.581152687085745967e+00,-8.321909868200883409e+00,-9.027848584805685306e+00,1.092215621276037218e+01
-1.662643833658900760e+01,-7.734508871015801645e+00,4.247387391465857753e-01,-6.452583799261279118e+00,8.706484603459328397e+00,-1.099099859931883572e+01,2.741452224864024512e+00,1.594753115483931794e+01,-9.836555674398235638e+00,2.902191813448383062e+00,3.848413432689888225e+00,5.517511861347096591e+00,9.302489775351700629e+00,4.038105223566221369e+00,-2.217416814486382393e+01,6.445706330483566227e+00,7.891968280249636258e+00,4.558782811134331148e+00,3.012667033393516824e+00,7.905383606062450497e+00
-1.115708241841986847e+01,-4.541997577660273677e+00,8.216939837972335070e+00,-4.878060377944995807e+00,-8.447802518976874619e-01,-4.657484647103806275e+00,-1.114494861480628884e+01,7.777146901681744495e+00,-1.141886382074078554e+01,-5.103547761989802645e+00,3.682095516938411750e-01,1.323996417946660342e+00,-9.166314668904199436e+00,-4.439807890458101980e+00,-6.822854431892825033e+00,8.443647096700319210e+00,-2.037243812854746849e+01,7.116826147317786067e+00,1.405191454707043874e+01,8.264238608190863644e+00
1.368586122197020316e+01,1.058034283794659913e+01,6.510337714886579974e+00,6.720754756549127684e+00,4.077795323466521182e+00,4.226643352804808629e+00,-1.655691605352665263e+01,5.705700473463982902e+00,8.368590369190829215e-01,1.090601088779898920e+00,1.524445197444947908e+01,-1.095910031568935405e+00,-2.333895363689550351e+01,-2.234335463862607618e+00,-5.113561005362978307e+00,-1.397767527324076609e+00,1.916224160879163474e+00,-1.247634196770749782e+01,7.156900405818316102e+00,-8.330762249479070292e+00
-2.368506239250157464e+00,-7.238217149729500477e+00,8.914064270952486879e+00,-1.375933832159718939e+01,1.242744501216706210e+00,-1.650966444911030395e+00,9.586619276557886149e-01,-9.665500721517464200e+00,-3.947289367382276204e+00,8.220870979018515712e+00,-2.222071278966645913e+00,4.827642098667197956e+00,-1.273348793795244305e+01,-6.000561473534850032e-01,-1.469781460796408190e+01,4.002261122689326989e+00,-9.017224574488738043e+00,-8.369302667777039906e-02,-8.359535690574361411e+00,5.358815604948503619e+00
-2.339452158321012121e+01,1.754005934145551748e+01,3.175615174137962793e+00,-1.126840735972873730e+01,-1.415058634906445434e+01,9.348695372867693587e-01,-3.924235231887790221e+00,1.754727761315225365e+01,-6.739095959184741247e+00,9.986832089734877016e+00,-1.611406955390140183e+01,1.106474401512782535e+00,-1.003253959461402722e+01,-5.730481179892680466e+00,-4.358313945281808155e-01,-8.043433819909672877e+00,-1.246400463399681691e+01,-6.674472468980370721e+00,-9.922896690304903178e-01,5.142464647623457008e-02
-1.203084630752875528e+00,-8.534242482530165930e+00,1.293741743403592770e-01,1.271418951278885601e+01,-3.448806699972033041e+00,-1.780065865500917388e+00,7.457559587974084359e+00,-1.013262653618061293e+01,5.540069601393251553e+00,-4.355930428529700471e+00,-1.189893238124758490e+01,-3.679346341784219820e+00,-3.131154687534363656e+00,8.674031501250644149e-01,-9.348240107175110891e-01,-1.367113316412168800e+01,-1.484535888091921230e+01,-3.220709034641355828e+00,-9.921232814942253952e+00,-2.732319524995833504e+01
4.249315890922375161e+00,5.115326051812100872e+00,-1.183403546798049000e+01,-4.995001212152242687e+00,2.067537190870747921e+01,-8.125301956646900692e+00,-1.012713730427116765e+01,-2.732034243088499625e+00,1.385302040388063460e+01,1.519634238305597229e+01,-2.653481383751812750e+00,-1.180544886473151145e+01,-1.291601898569161300e+00,-4.149583836163396426e-03,-5.628721829693287049e+00,-6.701667131377558873e-02,1.313954746496996506e+01,-1.427875814563097379e+01,3.268853484782711760e+00,5.214781770677067163e-01
-2.501060898237559726e+01,8.824661279238750211e+00,-6.027104294432303888e+00,9.263973998533214793e-01,8.385848661531182913e+00,2.427136232880161337e+00,8.388277192417948669e+00,-1.120245743190125509e+01,-3.673640217126195928e+00,-3.661706696199242828e+00,2.534383349108969696e+01,4.108952531260198882e+00,4.571984487518955476e+00,6.860425024203911093e-01,-5.082804678837090862e+00,5.626396822855340929e+00,4.792436444543818119e+00,1.037620719723910412e+01,1.099068385737981934e+01,1.067233170048885071e+01
-9.049423179326721467e+00,7.390639254156901039e+00,-1.153576918647673821e+01,8.586255242363629137e+00,-1.892764366281358690e+01,-4.931139937588786992e+00,5.419050721091316802e+00,2.140804826062102872e+00,-7.218049153608484536e-01,1.062695066865742710e+01,8.552955642951969750e+00,5.124245257034859558e-01,-1.805611358384983944e+01,-7.946045145642748331e+00,1.046635428364901266e+01,-7.885131241095222343e+00,-2.722770169386029337e+00,-6.785994840695883212e+00,1.036489556007902380e+01,5.840982570118850858e-02
1.345610048737271747e+01,1.393920416215285130e+01,2.278919338615331025e+00,-4.625174254594602297e-01,1.661469147970775850e+01,3.356355880751288878e-01,7.682975955684705482e+00,-3.545147276582746088e+00,-9.793750699891091704e-01,-8.359464014319271996e+00,1.599149294945063637e+01,-9.067036578810443004e+00,-4.367631730070021590e+00,8.525063020524564550e+00,-5.172547424713594744e+00,4.981855175874775554e+00,-9.743309231396962034e+00,7.660533185733267914e+00,1.113474381054471829e+00,-4.629662739373314295e+00
6.574206120270620346e+00,8.635640994915815938e+00,1.133284541227023823e+01,-8.090409970258484407e+00,-1.752603146073684925e+01,-2.780745564898392530e+00,6.595674766884486395e+00,8.001245499048765808e+00,2.538658360644761469e+00,8.253891121495286143e+00,-7.414402382581545936e+00,7.320031006931895234e+00,-9.183703731897100653e+00,-7.638250458178502456e+00,3.126511772353627094e+00,-1.986680858301810293e+00,-3.537731754878743029e+00,4.025687654212780409e+00,-3.471787493179014916e+00,5.732889457758233220e+00
-1.556963240777001900e+01,-8.679481654027391357e+00,-1.456921863056664890e+01,-8.693895892865880271e+00,-1.645586851471137368e+00,-1.121311813082699160e+01,1.169956488806962724e+01,3.521020703941315499e-01,-1.491952392544800787e+01,-1.861488058676130930e-01,1.756625687633469823e+01,-7.166418151432820682e-01,2.045397236184001599e+00,6.516971149170739608e+00,2.413123858018901302e+01,-6.775850797878558929e+00,-8.112401594254283310e+00,3.033856657041815197e+01,-5.968870575944849932e+00,9.795420843023226354e+00
-7.653119718325457121e+00,4.635924355824371901e+00,-9.341007447494725113e+00,-1.374029428915881468e+01,-2.707050552551959033e+00,1.622878596093572412e+01,-1.109704052341265879e+01,7.448851490775783013e+00,-1.815478149035177324e+01,-1.359236313571881460e+01,1.299919555708313190e+00,-7.456379870226225393e+00,1.079474647688970057e+00,-9.079039757135628719e+00,6.737320876890650290e+00,-1.707929610623708960e+00,-7.522530882634876903e+00,6.525249276088649353e+00,-1.333536101955127329e+01,1.287089727542467443e+01
-5.051733480923812358e+00,7.451725779636274360e+00,-1.134161361465915618e+01,-1.270622616205066713e+01,-5.338428230430110055e+00,1.162661326381619453e+01,-1.438214167676033739e+01,-1.119175374782114751e+01,1.528827108818215486e+00,-6.785400309972939858e+00,-2.619374794694376618e+01,1.197353614600464766e+01,-1.377749574683194211e+01,-7.443901441799783747e+00,1.666463707034536768e+01,-2.344259338924449043e+00,5.412578305664728973e+00,1.606323456648776471e+01,-7.616585142148202259e+00,5.364345545438581553e+00
-1.169341039676297989e+00,-8.744478862155860455e+00,-5.856662024447748749e+00,2.632896364724226057e+00,1.351288668581699159e+00,1.774775949834237210e+01,-4.736457615334586535e+00,5.290634870151353919e-01,1.067122604118985230e+01,-3.866334098860357837e+00,1.996112649835330188e+01,4.151913183522413675e+00,5.425111785372132012e+00,7.412717527179553123e+00,8.893813290711843678e+00,1.367950656365470152e+01,8.700082438893822712e+00,2.690843065282936486e+00,5.280066300318660311e+00,-5.147549696600850488e+00
2.601927233007874651e+00,-5.942711710480226284e-01,4.988631654331795673e+00,4.334205165830954165e+00,4.045934880229737018e+00,-6.654958182766977259e+00,9.526973524079679123e+00,2.843565749816276167e+01,-8.127350033002425533e+00,-5.867090651603049878e+00,-5.544151411982525701e+00,1.880518416283897665e+01,-1.066764730950856688e+01,8.580345037430602062e+00,-3.734063357311488307e+00,-7.450650662645688982e+00,-8.332653166621394547e+00,-6.958711231128455132e+00,5.339212401113272222e+00,1.732970110417092613e+01
8.556976789741204570e+00,1.365428110486701374e-01,1.713831514021546321e+00,8.569098096088870520e+00,-5.894454751388439329e-01,7.019833340850500036e+00,-1.555234140291823763e+01,-3.333759003074521221e+00,1.062918912497634416e+01,8.881470212590658164e+00,5.593591486496802823e+00,2.298413270699195987e+00,-3.183623992954597526e+00,9.594438747857338967e+00,-2.704409924880130767e+00,2.282993175907769512e+01,-2.286113069096602501e+01,1.347961928682524402e+01,6.869921730781960889e+00,-7.813684297175723437e+00
-1.296279708385042895e+01,9.972454723799087262e+00,2.424319964402295469e+00,1.199341515136976355e+01,-3.325255596053504181e+00,8.114205620731532065e+00,-1.391772401856240648e+01,7.379246791922281723e+00,2.813391554875213529e+01,1.331593473632282532e+01,-1.020133593179849818e+01,-1.763452305036184953e+01,3.431476893888067980e+00,-1.066909089841513136e+01,9.371317980049608920e+00,5.390762470020065145e+00,1.543337818852655197e+01,1.276574156819960448e+00,8.203440013411627874e+00,2.413827076433120666e+00
7.736829653885561875e-01,-4.541626527682847581e+00,1.259954759769928101e+00,6.280669617653316550e+00,8.919456745107833484e+00,-3.543982148535606669e+00,-2.075483941798080068e+01,-8.594153061448244202e+00,1.466501740749309235e+01,8.337810819176352695e+00,-7.918421840911459286e-01,7.179071929310900657e+00,8.283485578891379930e+00,1.363810308372686020e+00,4.528516395083224566e+00,-4.510662044163380457e+00,-1.887044096952282146e+00,-7.396175985456558966e-01,3.833284451588792052e+00,3.584215413577025888e+00
6.669959696574556673e+00,4.182793061835246018e-01,6.131677239315855843e+00,-1.165146717873012783e+01,1.406843847933709490e+01,3.155920530128812906e+00,1.096073984833768833e+01,3.173205799833466845e+00,-1.348738265777915402e+01,1.125696025625509300e+01,-7.826326401053624870e+00,-2.842072337743238197e+00,1.609019935865629947e+01,-4.290884541685034748e+00,5.879460926330848380e-01,-1.028825450525967522e-01,6.655041416910667529e+00,-4.144513689678302804e+00,9.520059868385983393e+00,-6.709377284273876363e+00
-3.199140672833775234e+00,2.940823630747562145e+00,-3.907883868658461157e+00,-8.056603662245906960e+00,1.647967957864305433e+01,-4.376216451104494531e+00,-1.187086654178368406e+01,9.042714824856043165e+00,-3.127622168254555302e+00,-6.642390040703074483e+00,-6.201297835363938082e-01,-1.064954949151695374e+01,9.055463500965133861e+00,-6.616114416261165587e+00,-7.294637775907045096e+00,-5.741872109814155856e+00,-9.642177647135884655e+00,-3.156056180531666477e+00,1.779749652581323716e+01,-1.593768807941137844e+01
-2.287498360504944728e+01,4.245490607547036888e+00,-2.113056678849763337e+00,1.875861521414300981e+01,-1.246187506193674244e+00,1.524285410521260786e+01,3.828463076334816861e+00,6.224901976453020680e+00,-9.534971178266777869e+00,1.989270959429320085e+00,4.917615497139279590e+00,-4.137010259971122039e+00,-3.073320970780213379e+00,7.608728986693659380e+00,1.433204049992763984e+01,-3.039602077260334378e-01,1.772232877809947382e+01,7.276453326172102720e+00,1.690783903837687951e+00,7.594564064776169410e+00
-1.395749286822319135e+00,5.983438911544078032e+00,1.525144349944631550e+00,-1.423489033815392268e+01,-3.084317567715261887e+00,1.410967236759125276e+00,2.216425868580613923e+01,-2.612357175021683631e+00,-1.649680089978153630e+00,-3.025259253479571253e+00,3.490995900945054409e+00,3.488652225721313727e+00,-1.030044056989893164e+01,2.054269285103442400e+01,1.358110264500982467e+01,-7.983163521722640432e+00,-6.562148633217351978e+00,-3.770120632691329465e+00,-2.067100046503872690e+00,8.388938803023715529e-01
-1.922948459998979942e+01,2.301557554285111440e+00,1.493560379273692362e+01,9.568196876868238832e+00,-1.193682216611897218e+01,1.086124832297369336e+00,9.172167433526377422e+00,9.760127796998220973e+00,-2.977111289579001951e+00,-5.728277255801894619e+00,-1.110286107075316053e+00,1.346552878415311483e+01,-2.281915399220679319e+01,2.191778638102628296e+00,-6.558547311467982643e-01,-6.451225382802884489e+00,3.093114520710403159e+00,3.486012613119912729e+00,2.968578164361755256e+00,-7.583919270813124225e-01
1.581567922037941720e+01,3.492103405032199070e+00,-1.224486917099772398e+01,-1.536877921818785797e+00,-4.779972357402472838e+00,-1.005641416918818543e+01,5.985290209364078962e+00,-1.057532129585142577e+01,2.074014996823590451e+01,-1.270014887865376352e+01,-1.582232076096450113e+00,-7.426204006103052535e+00,-1.226327694339213537e+01,-9.481196480888453237e+00,-1.155912530179709352e-01,2.932167700881632477e+00,5.869473691982457275e+00,-1.312072129784482222e+01,-1.206739968647244687e+01,-5.427407173313444133e+00
1.012961868410538990e+01,-6.378841760550745477e+00,1.161985630542424630e+01,-2.882573588682499466e+00,4.135534655008102689e+00,1.209093269087034273e+01,9.600122888143497235e+00,7.139157123578268038e-01,1.351969421897877233e+01,-8.541150559984259871e+00,-5.090159776232542121e+00,-5.578946408191471917e+00,1.958539203176715660e+01,4.113035801440132033e+00,-3.352586749228312790e+00,2.118568589420123516e+01,-1.533897110360599569e+01,-7.755844774284658349e+00,1.272159117705897202e+01,-1.976671283502733134e+00
1.056889312490036303e+01,1.887811056151402767e+01,-6.382501565205004113e+00,1.433702835070400994e+01,1.485207385973132732e+00,-2.075099050015225188e+01,-3.289125271514242721e-01,8.293120733413554824e-01,2.679327223789964130e+00,1.957307654600553093e+01,6.504791573619984391e+00,1.513778183089211460e+01,3.915652757263994310e+00,-8.982213627575644566e+00,6.565092711186367502e+00,1.684240151063179169e+01,-8.052318825837117444e+00,-2.187435525137384928e+00,-7.727840650421806679e+00,4.174432541119647233e+00
-1.883612729009712794e+01,-9.939295855628882848e+00,-2.606752818041123021e+00,-2.148866616113263461e+01,1.432069516703311507e+01,3.725178436578702623e+00,4.817225732432900642e+00,-2.345985020818729172e+00,-1.591578776481763491e+01,7.901811714475898363e+00,-6.611426638404990008e+00,-2.626486270347410557e+00,-1.700212735204908654e+01,7.387631173003227580e+00,8.212155792297160417e+00,-4.496876965819295080e+00,4.516209478698414159e+00,2.146593222737460138e+01,7.276743955489905602e+00,-9.718458679928374977e+00
-1.528728005832457937e+00,-7.354622145574097658e+00,-2.584880100667172442e+00,-4.457276876507549890e-01,-8.794831537816595102e+00,-4.492306570942959709e+00,1.133371413932507288e+01,8.021384885628412675e+00,9.010815994378031490e+00,-4.723465685492110211e+00,7.105398205049842986e+00,5.494059969484870187e+00,-9.020338480798018727e-03,-3.231202058075756778e+00,4.417801786009003528e+00,4.247765429515069968e+00,-7.175905781670563144e+00,-2.573002179819277302e+01,3.171263921115894835e+00,1.689792117155399254e+01
6.157424428447697551e+00,1.603535029130568645e+01,-5.345034356757728311e+00,-1.961153583423870250e+00,-4.842211578031337282e+00,2.241673234163135575e+01,-1.675887249480133079e+01,-4.605745133942662051e+00,-6.439172940299060954e+00,4.944321710867608743e+00,-6.764947234998365033e+00,-2.918820579264714166e+00,8.295700856119687217e+00,1.112287874468980320e+01,2.961118663119394512e+01,2.222579550555515127e+01,1.827385525363188989e+01,4.656351099782243708e+00,1.253160012647819599e+01,1.838070098950570852e+01
1.423095980606270672e+01,4.458039054764372011e+00,1.044560425650235658e+00,2.300058005284185025e+00,-7.222706007388278449e-02,3.334510012397385204e+00,4.611967859937664116e+00,6.765871143106836350e+00,-2.094649881450614259e-01,1.030124518935052436e+01,-8.093459627441992765e+00,-3.010776282722297026e+00,-9.416256204261229001e+00,-3.638070238436314163e+00,9.714466820257268154e-01,7.834978394134131996e+00,-4.179654358253638513e+00,1.295043656706037893e+01,9.311938129228371608e+00,-8.679255214250060746e+00
8.944599830588678913e+00,-1.097898194837847718e+01,6.510852385292130506e+00,6.339011244396531630e+00,-7.194332578106155118e+00,1.837650981577913356e+01,-7.938942302739365964e+00,2.148663382602707728e+00,-5.258535121207373209e+00,1.625483158841203846e+01,5.416253479741673260e+00,-8.185971497784320761e+00,6.306510528774502689e-01,2.296305196639389479e+00,-3.783180059421774821e+00,8.636414293697709965e+00,-3.979250659571246018e+00,2.115745081758302615e-01,-1.317813620245831885e+01,-2.279795292513378513e+01
-2.172143280084832817e+00,-1.359849063887029708e+01,-3.938675622758991413e+00,-1.114718953086772490e+00,-1.139463375835894787e+01,-8.846285537151375999e-01,4.672726714683010929e-01,-1.386570017811233235e+01,1.507937056716141200e+01,2.874944563254504093e+00,5.641526231920014567e+00,-2.820047489708104926e+00,-2.649976898699339500e+00,1.949099764602731932e+00,-1.219154761457726366e+01,-2.931082392061733266e+00,-6.831120763932712059e+00,-7.752900759451513579e+00,9.106728456622498413e+00,4.228219080856264078e+00
-1.327638255719720384e+01,-8.483009754305690819e+00,1.524443335896129348e+01,-1.292783877302677809e+01,1.530243962151129899e+01,9.428213787346379604e+00,7.225897923771601450e-01,-1.025237854023613338e+01,-6.295861583693361574e+00,2.449384640584046924e+00,-1.083128207053092140e+01,1.313025174788781868e+01,-1.855470960051031348e-01,-1.081827006443208461e+01,3.935823424765959588e-01,7.628883883361705642e+00,3.048654013923592032e+00,-9.519122631457506145e+00,6.187569859117298954e+00,1.879099986930425104e+01
-2.120770050385975125e+01,4.116793318142225822e+00,1.783108318707208895e+01,1.888798092923135385e+00,1.635960654868173236e+01,-5.195154494195143968e+00,1.759463409390956556e+01,-1.395270413411233923e+00,-3.099664296067330405e+00,5.735463613242098857e-01,-9.930983199576200349e+00,-2.168930025257388294e+01,-2.048241046431680346e+01,4.507610466168652685e+00,2.016363084562618369e+01,-5.681743688143326310e+00,-2.263819144335814215e+00,-5.831349432350748430e+00,8.147699599522313818e+00,-5.719326327156944778e+00
9.007927450696099569e+00,-8.488207045677148344e+00,1.895804779215364633e+01,-8.924192077158081826e-01,-2.781881140936226515e+00,2.490291333995420242e+00,-1.762542488600738722e+01,1.017129397859583939e+01,-1.113833238426881067e+01,5.892762108006960986e+00,-1.943273374738993198e+00,-6.031757766692845912e+00,2.605978392059515159e+01,1.583895602126831648e+01,-3.742712216203275766e+00,1.228257394453220996e+01,-8.325718807482362038e+00,3.822417691069953882e+00,7.797286409958543274e+00,1.841456052718302061e+01
5.525241610991703745e+00,4.031692957037891212e+00,6.964406761026907589e+00,2.712059924069072370e+00,4.618810407434405185e+00,5.195070843057683518e+00,4.016671164208879041e+00,-1.827955615152821345e+00,-3.016651270327411538e+00,-4.898104530038862592e-01,1.360790020708412840e+01,8.539201939621614557e+00,-1.159587685066097329e+00,2.259696209130795275e+00,1.017057833254252230e+01,-1.712273374272514559e+01,-1.412401229209199727e+01,-4.924265429626679236e+00,-7.360015989867717268e-02,-2.489435671064251210e+01
-6.322482597804950366e+00,-7.413204122244700933e-01,2.572593610733393543e+00,4.636798190846746159e+00,-2.484181946510895411e+00,1.767212437986011686e+00,-7.810521907641455819e+00,-1.182469126489971778e+01,3.439744819123430997e+00,6.632612390341812159e+00,-1.379810759088491778e+01,-1.128183584246182392e+01,-7.619512188174770273e+00,-4.405957461381813545e+00,5.422705359920859891e+00,-2.783484735431576595e+01,-2.795558625105724815e+01,5.263760276443357533e+00,-7.625840749423659304e+00,1.194357035862541672e+01
-1.738199979427232833e+01,-4.372028840195950394e+00,7.713247883241574065e+00,-4.041416745539470945e+00,-1.298915649624690793e+01,1.791178985772768018e+00,2.900063038166946772e+00,-6.545831485297743946e+00,-9.633022924097035755e+00,-1.754560005910872578e+00,9.087946557638455047e+00,-8.312568076348176405e+00,7.915418724936678530e+00,-3.033661241480820614e+00,1.347426616665954491e+01,1.334817635752109766e+01,-4.911025766988402097e+00,1.564973177478875765e+00,-8.943612107200536343e+00,-6.427699428391550285e+00
-1.790426369500514525e+01,-1.864992732769568917e+01,-1.247223134164023506e+01,-9.926907125720283886e+00,-1.129697131068305183e+01,-1.756898450589555694e+01,6.405908317340257341e+00,7.187553190326675612e+00,-1.170195488601759770e+01,-7.594268043858097172e+00,-7.941657185736343827e+00,-6.463121594244361390e+00,9.588577028469421393e+00,1.529391262573802734e+01,6.853413591956753592e+00,-1.052844693659547026e+01,5.308911137269864078e+00,-2.668194703683339331e+00,-1.431901525517548990e+01,5.738958997235509285e-01
6.202601747349813621e+00,-4.882596699368792592e+00,7.861427949883598387e+00,-8.835680290835391304e+00,1.615853965574343354e+00,-4.667034011365778667e+00,-1.566007568186080690e+01,-6.058677634819363611e+00,5.162771523028620635e+00,-1.474239844700770341e+01,8.043757526618138698e+00,-1.417481246623283297e+01,1.850194206564429678e+00,3.010744910873470737e+00,3.156632448220752174e+00,-1.962067706794794830e+01,-1.624254875852879110e+01,-3.413467931059839700e+00,5.925297995587881061e+00,3.143056912722014817e-01
-9.731645758854888584e+00,8.921679617489498559e-01,-8.044687770365987589e+00,1.933091343604161949e+01,4.790635889955230375e-02,1.710723872695375292e+00,2.376586244434418793e-01,-3.400321301966845233e+00,4.176974076207304876e+00,-8.894549192099686863e+00,1.749701356916310857e+01,-6.905937112638067532e+00,-6.200737165485508129e+00,3.384747203883802236e+00,9.068671704558834534e+00,-1.878686466982695435e+01,1.770861880182291515e+01,-1.096353920082615119e+01,-4.161506097876515931e+00,8.519193140944075537e+00
-1.354728383145052462e+01,-9.983505817913986835e-01,-4.878573000961105244e+00,5.784459384557442130e-01,-9.346793019720704976e+00,-1.140714284149266788e+01,3.544662461264246112e+00,1.598588850635860048e+01,-1.234754702010543603e+00,1.452540682704889452e+00,-1.220418053200942099e+00,-4.599575916333585646e+00,-1.371868156051389853e+01,-6.234326219677143399e+00,4.002397529582047753e+00,1.364899365548852606e+00,-8.740309198427336668e+00,-5.878619474581286752e+00,-4.750188838240599232e+00,-1.310704606442005016e+01
-1.258214348562616047e+00,-5.790951146768500202e+00,-1.453811672461314330e+01,-7.363632003944982962e+00,-1.131418319926058791e+00,-3.563082888314492713e+00,3.578152998817542674e+00,-1.101451367626079758e+01,-8.670281528861345066e+00,5.205434176342004227e-01,-1.821496569266428978e+01,1.169458862464724369e+01,-1.689460911881092642e+01,-1.713159036130214830e+01,-1.196031585887062576e+01,-3.716618956701942977e+00,7.058336927466601018e+00,8.582585814069296770e-01,6.440277880966432944e-01,-2.106071220731350613e-01
5.242653072863104668e+00,-4.287386726713859897e-01,-6.690253854392245181e+00,1.746863002433838075e+00,-1.425949055852050051e+01,-2.143040471639321876e+00,-7.533510350800326272e+00,-3.858768876406073467e-01,3.946051479081458258e+00,3.059439471958750545e+00,-2.095944266301164483e+00,1.348612439199259327e+00,-1.433939704305917440e+00,1.171023744026900637e+01,1.519499381068299115e+01,-5.701031717894717854e-01,-1.141408993378985492e+01,2.287090985625801931e+00,4.825893869060373653e+00,6.784289413925746359e+00
3.469393409543426010e+00,1.435378190406381371e+01,9.408975499543594800e-01,-1.940694580451647111e+00,-9.641753692708703305e-01,-7.029102085088619056e-02,1.032499899014708289e+00,-1.076597709820715565e+01,-1.533002245574669509e+01,-1.168560433548859834e+01,5.022541654296447611e+00,-1.872507115976801373e+01,-1.021323935922939974e+01,1.007818894932822218e+01,-2.022069233439858138e+01,-2.097286917077367363e+01,1.939110971335504274e+01,6.757554087362900586e-03,2.062161167100034387e+00,1.204895951304781931e+01
-1.580621846026265320e+00,-1.553115294687621528e+01,2.158763054762280920e+00,7.981327296343244448e+00,1.151905695626689941e+01,1.575382141962892391e+01,1.658799204080433043e+01,-3.963633658091193723e+00,5.067527364898765541e+00,8.734793448511457115e+00,-1.143336727172242462e+01,-1.636536420152027205e+01,1.896807586862660955e+01,-1.147963906684386082e+01,-8.208896962029493594e+00,-3.725467110116294223e-02,-7.813533325888100123e-01,-4.182603107313908608e-01,3.271730050535061274e+00,1.069591683682824090e+01
1.881249280533185697e+01,-3.863451395634940333e+00,-1.508553863589916721e+00,1.471307061722348097e-01,-1.283256587363177559e+01,-6.096516986367801039e+00,-1.185305309957291442e+01,-2.506948552359179772e+01,1.383168311231868230e+00,-7.199907862544263626e-01,-3.324942497660618557e+00,-7.604247327029989290e-02,1.510205531382134581e+01,-1.062027953262183466e+01,1.651194078731953852e+01,6.582135500676942641e+00,-4.157271456205277715e+00,-2.200034002116380805e+01,-5.043587923149368990e+00,-1.107023043428596143e+00
4.626071373596703395e+00,-5.813061454771405678e+00,2.210328467937913643e+01,-8.254692992573389176e-01,-6.981087023517012824e+00,-9.819500147259310197e+00,7.134413789477403789e+00,8.828090330009484177e+00,9.840291537290919432e-01,5.700174389699640187e+00,5.001540678225500081e+00,1.302859236431911860e+01,3.569229324300180473e+00,1.062688665994824921e+00,-7.975871071275685287e-01,8.267489754233780630e+00,-9.278379298355320159e+00,1.948244234392472052e+01,-1.466896049454755513e+01,-6.487369166910236018e+00
-8.301139831461318508e+00,-4.143706305532975698e+00,1.379020045233892233e+01,1.147039397185633547e+01,-4.609135062465684385e+00,8.770187732415994475e+00,3.184841654752146756e+00,1.057579447496381420e+01,-1.003981740998702438e-01,3.824586165560581286e+00,-1.723282133788246462e+00,1.041079713017221842e+01,5.296477602244838323e+00,-3.750509987281819946e+00,-3.121505073481249504e+00,-1.076866039680435705e+01,-8.086686078630991759e+00,1.473864710442178350e+01,6.808534747632490891e+00,-1.777582989468938779e-01
-6.261083939768758988e+00,-1.731834797618968835e+01,-1.632003695217170564e-02,7.239383179474253360e+00,-1.631163184917872266e+00,1.496739072489384093e+01,-5.195611883952460097e+00,1.328772684912593594e+00,-6.607835893315463949e+00,8.238369416161896996e-01,-3.006843969987249121e+00,1.220779754381141835e+00,4.246481398495478565e+00,2.625566604552624916e+00,-1.407678814389377031e+01,-1.100844374378752377e+01,-6.902299874998535367e-01,-1.154060122895842611e+01,-7.583022162385418596e+00,2.956374278472468475e+00
-2.495689968334134645e-01,7.124287119001576407e+00,1.203527487836295151e+00,-5.367708887572106846e-01,1.611385390114413596e+01,1.025594753935908976e+01,8.571490005729799577e+00,4.454319581925542337e+00,-1.450127867083062183e+00,2.207054147860425086e+00,-6.067249559927257785e+00,2.170259197993119837e+00,7.567276903018827383e+00,6.208430154114093824e+00,-8.105020856601397483e+00,-2.204173941761268019e+00,-5.083489554601701155e-01,-4.273759194899186653e+00,-9.223943326334829607e+00,1.699547629342791666e+01
-4.210960286073744285e+00,1.410874884452538724e+00,-4.456578603863110999e+00,7.784577157221750809e+00,2.575714914207484441e+00,2.749140448594144637e+00,2.047094599755165234e+01,9.266785442263005379e+00,1.104526078780992648e+01,-2.428675511394216446e+00,-2.149272614420834948e+00,2.414780071563551189e+01,6.990367559714023571e+00,2.754793132161939440e+00,-3.401871137283275282e+00,-1.195493369297109032e+00,1.715592635977122171e+01,7.003761333098923458e+00,7.423668744529089203e+00,3.604219271785336520e+00
2.914923714950187872e+00,5.195291781395886765e+00,4.217329975534389597e+00,9.364843068459439479e+00,-9.176826549577480563e+00,-4.889253583956255644e-01,1.660006522547183394e+00,-3.541645319723994323e+00,-3.699564249491152257e+00,7.813319994626063192e+00,9.129810865561982514e-01,-3.290094166521341901e+00,2.974799787805713969e+00,2.465047094350545365e+01,1.103925528247946275e+01,1.227003919022211775e+01,-7.221181695781688781e+00,-4.484410098783938814e+00,1.229565173685336799e+00,-8.535268204125399549e+00
-7.436460340151272996e-01,-1.820282486630236729e+00,-4.117080504146771958e+00,5.397441839507136407e+00,4.632373100425326129e+00,-1.418828302542835473e+01,-1.122577548549659454e+01,-6.610675219263014490e+00,-9.781631936484279422e+00,1.597047101348893605e+00,-2.019405953378221319e-01,6.627658335500601350e-01,4.028176711376919350e+00,7.398041560308391773e+00,9.881567624308296161e+00,4.246082561077797912e+00,-9.394187066086489013e-01,-9.731953833067688464e+00,-2.300864165692990682e+01,1.738778292607743481e+01
-3.955866273198669791e+00,-9.532235695517135454e+00,-1.254813026505028084e+01,-1.790353379284128410e+00,9.107267547773300720e+00,-2.059440595547522790e+01,-9.976083373064668081e+00,-9.550007381524340255e-01,6.853657518545304583e+00,-1.551019961853814522e+01,7.615042988666303359e+00,1.030957455425154734e+01,3.235612402450986469e+00,1.277849506962624737e+01,-2.834876286866144124e+00,-8.288091874577286688e+00,7.287895724712848633e+00,2.178485181029600870e+00,-1.350249679804508318e+01,-4.967160415880003121e+00
-7.731318259112057945e+00,-1.897746119409832843e+00,8.577087895303755261e+00,-8.169206830891830862e+00,-1.309705935396520182e+01,-1.536787417072375206e+00,2.721756327172652590e+00,3.923678931090686550e+00,7.903382364973736696e-01,4.835249983667194940e+00,-3.291452561080466133e+00,7.809189279783401716e+00,-9.542466611133736620e+00,2.856910058538080222e-01,-1.188159786122929384e+00,-4.935750625819331772e-01,2.109306725371334679e+00,5.019144973158206485e-03,7.113794756496237603e+00,-2.297612481190788092e+00
2.750738751623991618e+00,6.880940110966681900e+00,6.353866039272909383e+00,-1.462672296465257205e+01,-7.434608548905426773e+00,4.032685526786961461e+00,2.571129766035674113e-01,1.147577983300879190e+01,6.265270982551369272e+00,-8.928546638269905245e+00,4.654990916320147498e+00,-7.193190015413288840e+00,-6.800763289110013154e+00,-1.275683582262625126e+00,-4.918622581869456223e-01,-1.218231683608580251e+00,2.751564512887784986e+01,-7.668606214707311963e+00,8.998070813015072389e+00,5.178303867638999414e+00
-1.532905300736911869e+01,-3.986089637681588194e+00,-3.401440707047949097e+00,3.698793353142088236e+00,-6.667126037983811315e+00,1.134414755061944780e+00,-1.162053750120451312e+01,-2.107075539606304915e+01,1.057143355876327462e+01,1.737934352181260689e-01,1.261647612249048223e+01,-1.651178433034498738e+01,-2.560639920281218807e+01,1.521737644575976489e+01,7.534653435468263716e+00,1.559802501777388883e+00,-7.335761377056834398e+00,-1.299003468944840023e+01,-2.279828520590053476e+00,-8.698757666440188885e+00
3.291637168675957348e+00,3.807266923405375536e+00,-4.501651711299300196e+00,-2.875800659186986685e+00,-1.972765161377361665e+01,9.917983062323141752e+00,6.826228792543130239e-03,4.966318099057268398e+00,2.539783480271017879e+01,-1.946296325892723189e+01,-4.267188493677775973e+00,8.686396272607884939e+00,1.770263291060328115e+01,-1.377705054596336298e+00,-1.995467900434085351e+01,-1.391146541701806782e+01,1.625279441878245734e+01,-1.087573540494254365e+00,1.726767020043599832e+00,1.185310807628122021e+00
-1.456329882789930075e+01,1.722228562467478596e+01,1.440588080602099552e+01,4.815657609311134735e+00,2.548093664884210341e+01,4.315307748864803727e+00,-8.004102674320169086e+00,-1.463968387433830998e+01,-1.163576755403397733e+01,-1.114282068933509562e+00,6.873691272172298916e+00,8.636610767332990324e-02,-5.562704285137853866e+00,-1.058575481836804322e+01,4.876327806139349796e+00,2.645560981556219815e+01,1.251391237376718735e+01,-1.005156799921743449e+01,-9.936482238864307703e+00,-9.247294854192469771e+00
7.258386030459216265e-01,8.943337988230648961e+00,1.852704582866137883e+01,6.649832773562497579e+00,-3.183252535335393540e-01,2.688513599472638127e+00,3.672778760438347723e-01,7.483688016709626467e+00,2.002265432263827805e+00,2.492102121836296647e+00,-2.464446373145930735e+00,5.908173743950810852e+00,1.300445009871690871e+01,-1.216534028922843547e+01,2.440724783004547760e+00,1.421027583775862269e+01,-3.527464619134669022e+00,-1.093138864310209080e+01,2.091423688299226313e+01,6.738423441475056563e+00
-1.016198381184432264e+01,4.441962117628638573e+00,5.755615498560826993e+00,-5.165888990389423618e+00,5.033727903750319754e+00,-1.349365326181574432e+01,8.879046677574692126e+00,-3.514597285117531111e+00,1.610317482023407010e+01,-9.992846655943434797e+00,2.519898458234407457e+01,-2.915220992066517880e+01,1.749395149562011653e+01,4.426032423263815296e+00,8.030190175296041843e+00,1.114824928699452045e+01,2.118168624113813436e+01,-5.402064520763657285e+00,-1.440222873418877469e+01,-5.318061838837754074e+00
-9.744177402119149178e+00,-2.731179859750776817e+00,-2.659095567478688693e+00,1.314110273673385976e+01,4.042736071245793816e+00,2.839126059764519816e+00,2.693001616243681506e-01,-4.275115874961118223e+00,1.381936829404640577e+01,-6.146618777410701284e+00,-1.574830540405590540e+01,-3.102985052507352570e+00,-1.356179196234645268e+01,-3.910329836809023907e-01,-1.173990823652875326e+00,-2.011673320484755223e+00,-6.280442672555471617e+00,-1.045204769341136775e+01,1.368550998473477165e+01,9.241447608914317158e+00
-4.687513898949200453e+00,-7.955989626891577515e+00,-7.145494332432951179e-01,-1.265586476709611219e+01,8.233709398419215120e+00,6.426273638879406391e+00,-3.782725608235519399e+00,1.714992233144046807e+00,1.663062252076526093e+01,8.878065474406787061e+00,-1.261606274810718631e+00,-1.278299786882444389e+00,-1.518066454277693822e+01,-1.192434252621900548e+01,-1.315772815564844755e+01,3.911615122678299805e+00,-5.195491124995497145e+00,2.968990918379860844e+00,1.278288632919479362e+01,1.322413026741454800e+01
1.295542088744879372e+01,-2.400705395658391250e+00,-5.707611663164903426e+00,-2.134172223440921723e+00,-3.437835605060782562e+00,-1.520530135918229386e-01,3.733262392300416899e+00,5.537199751853256302e+00,-2.821955633124038521e+00,-7.882250633442526855e+00,6.719116137719406412e-01,-8.441609012130177447e+00,-1.243604082978520964e+01,-4.901409694382071081e+00,1.923595131593773599e+00,1.684488871285455769e+00,-1.973179314124410499e+00,-6.472171863388497925e+00,-1.965016795785008014e-02,-9.031721771966706669e+00
6.143912908540563933e+00,-1.561672809369023973e+01,5.356641715866419240e+00,-2.729238023928477919e+00,2.266130080901777433e+01,-7.650757129279546209e-01,2.564621664485300823e+00,1.291637554195118054e-01,4.319116361770291235e+00,2.688080665453111973e+00,4.841574096652844439e+00,9.758132388739294782e+00,-4.016303963157894508e+00,1.394222512534424574e+01,-1.603444124549712768e+01,9.541430400861596439e+00,-5.215334156558403933e+00,1.091005764655924892e+01,-8.290541457228549405e+00,-5.551965990286534813e-01
