0.000000000000000000e+00,-9.166321068616380074e+00,0.000000000000000000e+00,0.000000000000000000e+00,0.000000000000000000e+00,0.000000000000000000e+00,0.000000000000000000e+00,0.000000000000000000e+00,0.000000000000000000e+00,0.000000000000000000e+00
0.000000000000000000e+00,-5.244170337119975933e+00,0.000000000000000000e+00,0.000000000000000000e+00,3.900188833309653269e+00,0.000000000000000000e+00,0.000000000000000000e+00,0.000000000000000000e+00,0.000000000000000000e+00,0.000000000000000000e+00
0.000000000000000000e+00,0.000000000000000000e+00,0.000000000000000000e+00,0.000000000000000000e+00,9.067072969349382561e+00,0.000000000000000000e+00,0.000000000000000000e+00,-4.300166321201516761e-01,0.000000000000000000e+00,0.000000000000000000e+00
0.000000000000000000e+00,0.000000000000000000e+00,0.000000000000000000e+00,0.000000000000000000e+00,9.435346022184839754e+00,0.000000000000000000e+00,0.000000000000000000e+00,0.000000000000000000e+00,0.000000000000000000e+00,0.000000000000000000e+00
4.138305886331999917e-02,0.000000000000000000e+00,0.000000000000000000e+00,0.000000000000000000e+00,9.129394198180348141e+00,0.000000000000000000e+00,0.000000000000000000e+00,0.000000000000000000e+00,0.000000000000000000e+00,0.000000000000000000e+00
0.000000000000000000e+00,0.000000000000000000e+00,0.000000000000000000e+00,0.000000000000000000e+00,9.111441919157853064e+00,0.000000000000000000e+00,0.000000000000000000e+00,0.000000000000000000e+00,0.000000000000000000e+00,0.000000000000000000e+00
0.000000000000000000e+00,-5.817609064826717358e+00,0.000000000000000000e+00,0.000000000000000000e+00,3.981200026821761995e+00,4.783514733795674601e-01,0.000000000000000000e+00,0.000000000000000000e+00,0.000000000000000000e+00,0.000000000000000000e+00
0.000000000000000000e+00,-8.995694737755222548e+00,0.000000000000000000e+00,0.000000000000000000e+00,0.000000000000000000e+00,0.000000000000000000e+00,0.000000000000000000e+00,0.000000000000000000e+00,0.000000000000000000e+00,0.000000000000000000e+00
0.000000000000000000e+00,-2.207900050920018842e+00,0.000000000000000000e+00,0.000000000000000000e+00,6.635615141773137715e+00,0.000000000000000000e+00,0.000000000000000000e+00,0.000000000000000000e+00,-5.354733994575568978e-01,3.162305424811078236e-01
0.000000000000000000e+00,0.000000000000000000e+00,-1.941943358530298092e-01,0.000000000000000000e+00,8.573736227083335493e+00,0.000000000000000000e+00,-1.310418212731097876e-01,0.000000000000000000e+00,0.000000000000000000e+00,0.000000000000000000e+00
0.000000000000000000e+00,0.000000000000000000e+00,0.000000000000000000e+00,0.000000000000000000e+00,8.609836623168023451e+00,0.000000000000000000e+00,0.000000000000000000e+00,0.000000000000000000e+00,0.000000000000000000e+00,0.000000000000000000e+00
0.000000000000000000e+00,-6.491769676098880781e-01,4.050047222622529808e-01,0.000000000000000000e+00,8.844432071489933378e+00,-2.981852869081438873e-01,0.000000000000000000e+00,0.000000000000000000e+00,0.000000000000000000e+00,0.000000000000000000e+00
0.000000000000000000e+00,0.000000000000000000e+00,0.000000000000000000e+00,0.000000000000000000e+00,9.484294132558767743e+00,0.000000000000000000e+00,0.000000000000000000e+00,0.000000000000000000e+00,0.000000000000000000e+00,0.000000000000000000e+00
0.000000000000000000e+00,-6.640698048984428059e-01,0.000000000000000000e+00,0.000000000000000000e+00,8.929872953223799925e+00,0.000000000000000000e+00,0.000000000000000000e+00,0.000000000000000000e+00,0.000000000000000000e+00,0.000000000000000000e+00
0.000000000000000000e+00,-8.955463668780067721e+00,0.000000000000000000e+00,0.000000000000000000e+00,0.000000000000000000e+00,0.000000000000000000e+00,-2.557145082198820224e-02,1.326313002150677767e-01,0.000000000000000000e+00,0.000000000000000000e+00
0.000000000000000000e+00,-1.256858522753709462e+00,0.000000000000000000e+00,0.000000000000000000e+00,8.588878564997955323e+00,0.000000000000000000e+00,0.000000000000000000e+00,0.000000000000000000e+00,0.000000000000000000e+00,0.000000000000000000e+00
-3.512286665999909963e-02,-5.895366875743871304e+00,0.000000000000000000e+00,0.000000000000000000e+00,3.630715357191755643e+00,0.000000000000000000e+00,0.000000000000000000e+00,0.000000000000000000e+00,0.000000000000000000e+00,0.000000000000000000e+00
0.000000000000000000e+00,0.000000000000000000e+00,0.000000000000000000e+00,0.000000000000000000e+00,9.197731098146093132e+00,0.000000000000000000e+00,0.000000000000000000e+00,0.000000000000000000e+00,0.000000000000000000e+00,0.000000000000000000e+00
0.000000000000000000e+00,0.000000000000000000e+00,5.294926326555936535e-01,0.000000000000000000e+00,8.617517945249533184e+00,0.000000000000000000e+00,0.000000000000000000e+00,0.000000000000000000e+00,0.000000000000000000e+00,0.000000000000000000e+00
0.000000000000000000e+00,-9.437446117346141250e+00,0.000000000000000000e+00,0.000000000000000000e+00,0.000000000000000000e+00,0.000000000000000000e+00,0.000000000000000000e+00,0.000000000000000000e+00,0.000000000000000000e+00,0.000000000000000000e+00
0.000000000000000000e+00,0.000000000000000000e+00,0.000000000000000000e+00,0.000000000000000000e+00,9.376296520721444594e+00,0.000000000000000000e+00,0.000000000000000000e+00,0.000000000000000000e+00,0.000000000000000000e+00,0.000000000000000000e+00
0.000000000000000000e+00,0.000000000000000000e+00,0.000000000000000000e+00,0.000000000000000000e+00,9.427351083105767415e+00,0.000000000000000000e+00,0.000000000000000000e+00,0.000000000000000000e+00,0.000000000000000000e+00,0.000000000000000000e+00
0.000000000000000000e+00,-2.931062075934582900e+00,0.000000000000000000e+00,0.000000000000000000e+00,6.783543499102583141e+00,0.000000000000000000e+00,0.000000000000000000e+00,0.000000000000000000e+00,0.000000000000000000e+00,0.000000000000000000e+00
0.000000000000000000e+00,-9.073656838700166816e+00,0.000000000000000000e+00,0.000000000000000000e+00,0.000000000000000000e+00,0.000000000000000000e+00,0.000000000000000000e+00,0.000000000000000000e+00,0.000000000000000000e+00,-1.545040631153534516e+00
0.000000000000000000e+00,0.000000000000000000e+00,0.000000000000000000e+00,0.000000000000000000e+00,8.491446838036683431e+00,0.000000000000000000e+00,-1.139669435074179143e-01,0.000000000000000000e+00,0.000000000000000000e+00,0.000000000000000000e+00
0.000000000000000000e+00,-2.108688819328635944e+00,0.000000000000000000e+00,0.000000000000000000e+00,4.577182422012085361e+00,0.000000000000000000e+00,0.000000000000000000e+00,0.000000000000000000e+00,6.650248918733246306e+00,0.000000000000000000e+00
-3.859795142741780705e+00,-1.353998152061379079e+00,0.000000000000000000e+00,0.000000000000000000e+00,5.383707665420098820e+00,0.000000000000000000e+00,0.000000000000000000e+00,0.000000000000000000e+00,2.679243717556694993e+00,0.000000000000000000e+00
0.000000000000000000e+00,-1.802554865495421266e-01,0.000000000000000000e+00,0.000000000000000000e+00,6.442242972753499330e+00,0.000000000000000000e+00,0.000000000000000000e+00,0.000000000000000000e+00,6.248344124431341129e+00,6.499414860917701597e-02
0.000000000000000000e+00,-7.991129638975338345e-01,0.000000000000000000e+00,0.000000000000000000e+00,3.421782692820773963e+00,0.000000000000000000e+00,0.000000000000000000e+00,-6.046225282053536987e-02,8.633434831924102326e+00,0.000000000000000000e+00
-4.928175956473713093e+00,0.000000000000000000e+00,0.000000000000000000e+00,0.000000000000000000e+00,5.516527144644834735e+00,0.000000000000000000e+00,0.000000000000000000e+00,0.000000000000000000e+00,2.593377905692523466e+00,0.000000000000000000e+00
-7.715210869271334815e+00,0.000000000000000000e+00,0.000000000000000000e+00,0.000000000000000000e+00,0.000000000000000000e+00,0.000000000000000000e+00,0.000000000000000000e+00,0.000000000000000000e+00,2.187019807308044683e+00,0.000000000000000000e+00
0.000000000000000000e+00,0.000000000000000000e+00,0.000000000000000000e+00,0.000000000000000000e+00,0.000000000000000000e+00,0.000000000000000000e+00,0.000000000000000000e+00,0.000000000000000000e+00,9.561995688235167989e+00,0.000000000000000000e+00
-4.557179149219281911e+00,0.000000000000000000e+00,0.000000000000000000e+00,0.000000000000000000e+00,0.000000000000000000e+00,0.000000000000000000e+00,0.000000000000000000e+00,0.000000000000000000e+00,5.348649353349769875e+00,0.000000000000000000e+00
-8.003575693448905071e+00,0.000000000000000000e+00,0.000000000000000000e+00,0.000000000000000000e+00,0.000000000000000000e+00,0.000000000000000000e+00,0.000000000000000000e+00,0.000000000000000000e+00,2.139114201292386053e+00,0.000000000000000000e+00
-4.136021947930021980e+00,0.000000000000000000e+00,0.000000000000000000e+00,0.000000000000000000e+00,0.000000000000000000e+00,0.000000000000000000e+00,0.000000000000000000e+00,-4.179459492541338639e-01,5.539254086715453163e+00,0.000000000000000000e+00
-9.075753604528628671e+00,0.000000000000000000e+00,0.000000000000000000e+00,0.000000000000000000e+00,0.000000000000000000e+00,0.000000000000000000e+00,0.000000000000000000e+00,0.000000000000000000e+00,0.000000000000000000e+00,0.000000000000000000e+00
0.000000000000000000e+00,0.000000000000000000e+00,0.000000000000000000e+00,0.000000000000000000e+00,0.000000000000000000e+00,0.000000000000000000e+00,0.000000000000000000e+00,0.000000000000000000e+00,1.011618026254929426e+01,0.000000000000000000e+00
-8.979586551171898634e+00,0.000000000000000000e+00,0.000000000000000000e+00,0.000000000000000000e+00,0.000000000000000000e+00,0.000000000000000000e+00,0.000000000000000000e+00,0.000000000000000000e+00,7.752673823929607799e-01,0.000000000000000000e+00
-8.860538416509758264e+00,0.000000000000000000e+00,0.000000000000000000e+00,0.000000000000000000e+00,0.000000000000000000e+00,0.000000000000000000e+00,0.000000000000000000e+00,0.000000000000000000e+00,8.105934182369348706e-01,0.000000000000000000e+00
-3.535166638581118459e+00,0.000000000000000000e+00,0.000000000000000000e+00,0.000000000000000000e+00,0.000000000000000000e+00,0.000000000000000000e+00,0.000000000000000000e+00,0.000000000000000000e+00,6.312594190256277216e+00,0.000000000000000000e+00
0.000000000000000000e+00,0.000000000000000000e+00,0.000000000000000000e+00,0.000000000000000000e+00,0.000000000000000000e+00,0.000000000000000000e+00,0.000000000000000000e+00,0.000000000000000000e+00,9.735960924822238738e+00,0.000000000000000000e+00
-9.797373855011818122e+00,0.000000000000000000e+00,0.000000000000000000e+00,0.000000000000000000e+00,0.000000000000000000e+00,0.000000000000000000e+00,0.000000000000000000e+00,0.000000000000000000e+00,0.000000000000000000e+00,0.000000000000000000e+00
-7.249690733481210181e+00,0.000000000000000000e+00,0.000000000000000000e+00,0.000000000000000000e+00,0.000000000000000000e+00,0.000000000000000000e+00,0.000000000000000000e+00,0.000000000000000000e+00,2.826550493394668795e+00,0.000000000000000000e+00
0.000000000000000000e+00,0.000000000000000000e+00,0.000000000000000000e+00,0.000000000000000000e+00,0.000000000000000000e+00,0.000000000000000000e+00,0.000000000000000000e+00,0.000000000000000000e+00,9.865549737046302781e+00,0.000000000000000000e+00
0.000000000000000000e+00,0.000000000000000000e+00,0.000000000000000000e+00,0.000000000000000000e+00,0.000000000000000000e+00,0.000000000000000000e+00,0.000000000000000000e+00,0.000000000000000000e+00,9.679632605457840100e+00,0.000000000000000000e+00
0.000000000000000000e+00,0.000000000000000000e+00,0.000000000000000000e+00,0.000000000000000000e+00,0.000000000000000000e+00,0.000000000000000000e+00,0.000000000000000000e+00,0.000000000000000000e+00,9.728310572003481482e+00,0.000000000000000000e+00
0.000000000000000000e+00,0.000000000000000000e+00,0.000000000000000000e+00,0.000000000000000000e+00,0.000000000000000000e+00,0.000000000000000000e+00,0.000000000000000000e+00,0.000000000000000000e+00,9.846711167457975478e+00,0.000000000000000000e+00
-9.215157255203251907e+00,0.000000000000000000e+00,0.000000000000000000e+00,0.000000000000000000e+00,0.000000000000000000e+00,0.000000000000000000e+00,0.000000000000000000e+00,0.000000000000000000e+00,0.000000000000000000e+00,0.000000000000000000e+00
0.000000000000000000e+00,0.000000000000000000e+00,0.000000000000000000e+00,0.000000000000000000e+00,0.000000000000000000e+00,0.000000000000000000e+00,0.000000000000000000e+00,0.000000000000000000e+00,8.665863612680396955e+00,-2.194733667230988616e-01
-6.460981506923796580e+00,0.000000000000000000e+00,0.000000000000000000e+00,0.000000000000000000e+00,0.000000000000000000e+00,0.000000000000000000e+00,0.000000000000000000e+00,0.000000000000000000e+00,3.421066494327402285e+00,0.000000000000000000e+00
-1.182769526313657948e+00,0.000000000000000000e+00,0.000000000000000000e+00,-7.367663859262657766e+00,0.000000000000000000e+00,0.000000000000000000e+00,0.000000000000000000e+00,0.000000000000000000e+00,5.200568014428140096e+00,0.000000000000000000e+00
-2.889181300098066174e+00,0.000000000000000000e+00,0.000000000000000000e+00,-4.726073555809333193e+00,0.000000000000000000e+00,0.000000000000000000e+00,0.000000000000000000e+00,2.183622022674365670e+00,4.969908662900863305e+00,0.000000000000000000e+00
-6.594049602258293064e+00,0.000000000000000000e+00,0.000000000000000000e+00,-7.112246095960072623e+00,0.000000000000000000e+00,0.000000000000000000e+00,0.000000000000000000e+00,0.000000000000000000e+00,5.154238855999615510e-02,0.000000000000000000e+00
0.000000000000000000e+00,0.000000000000000000e+00,0.000000000000000000e+00,-6.847056890542152274e+00,0.000000000000000000e+00,0.000000000000000000e+00,0.000000000000000000e+00,0.000000000000000000e+00,6.868992801147162375e+00,0.000000000000000000e+00
-1.050080386856449222e+00,0.000000000000000000e+00,0.000000000000000000e+00,-5.966435924712170547e+00,0.000000000000000000e+00,0.000000000000000000e+00,0.000000000000000000e+00,6.365386807953393733e-01,6.094235055033837334e+00,0.000000000000000000e+00
0.000000000000000000e+00,0.000000000000000000e+00,0.000000000000000000e+00,-7.805362629877637737e+00,0.000000000000000000e+00,0.000000000000000000e+00,0.000000000000000000e+00,1.822743263864148089e+00,0.000000000000000000e+00,0.000000000000000000e+00
0.000000000000000000e+00,0.000000000000000000e+00,0.000000000000000000e+00,-8.425495849726614139e+00,0.000000000000000000e+00,0.000000000000000000e+00,0.000000000000000000e+00,0.000000000000000000e+00,0.000000000000000000e+00,0.000000000000000000e+00
0.000000000000000000e+00,0.000000000000000000e+00,0.000000000000000000e+00,-1.004463881986488794e+01,0.000000000000000000e+00,0.000000000000000000e+00,0.000000000000000000e+00,0.000000000000000000e+00,0.000000000000000000e+00,0.000000000000000000e+00
0.000000000000000000e+00,0.000000000000000000e+00,0.000000000000000000e+00,-7.300143226940834396e+00,0.000000000000000000e+00,0.000000000000000000e+00,0.000000000000000000e+00,2.590856798409208572e+00,0.000000000000000000e+00,0.000000000000000000e+00
0.000000000000000000e+00,0.000000000000000000e+00,0.000000000000000000e+00,-9.483620325267091644e+00,0.000000000000000000e+00,0.000000000000000000e+00,0.000000000000000000e+00,0.000000000000000000e+00,0.000000000000000000e+00,0.000000000000000000e+00
1.831649113177626353e-01,0.000000000000000000e+00,0.000000000000000000e+00,-9.686114527806983787e+00,0.000000000000000000e+00,0.000000000000000000e+00,0.000000000000000000e+00,0.000000000000000000e+00,0.000000000000000000e+00,0.000000000000000000e+00
0.000000000000000000e+00,0.000000000000000000e+00,0.000000000000000000e+00,-9.630614427382353071e+00,0.000000000000000000e+00,0.000000000000000000e+00,0.000000000000000000e+00,0.000000000000000000e+00,0.000000000000000000e+00,0.000000000000000000e+00
0.000000000000000000e+00,0.000000000000000000e+00,0.000000000000000000e+00,-9.224338406277226454e+00,0.000000000000000000e+00,0.000000000000000000e+00,0.000000000000000000e+00,0.000000000000000000e+00,0.000000000000000000e+00,0.000000000000000000e+00
0.000000000000000000e+00,0.000000000000000000e+00,0.000000000000000000e+00,0.000000000000000000e+00,0.000000000000000000e+00,0.000000000000000000e+00,0.000000000000000000e+00,9.873985418351471921e+00,0.000000000000000000e+00,0.000000000000000000e+00
0.000000000000000000e+00,0.000000000000000000e+00,0.000000000000000000e+00,-9.283297735420536156e+00,0.000000000000000000e+00,0.000000000000000000e+00,0.000000000000000000e+00,0.000000000000000000e+00,0.000000000000000000e+00,0.000000000000000000e+00
6.812430071651374153e-01,0.000000000000000000e+00,0.000000000000000000e+00,0.000000000000000000e+00,0.000000000000000000e+00,0.000000000000000000e+00,0.000000000000000000e+00,9.341125616742756321e+00,0.000000000000000000e+00,0.000000000000000000e+00
0.000000000000000000e+00,0.000000000000000000e+00,0.000000000000000000e+00,-9.750356998528436847e+00,0.000000000000000000e+00,0.000000000000000000e+00,0.000000000000000000e+00,0.000000000000000000e+00,0.000000000000000000e+00,0.000000000000000000e+00
2.799245449237713901e-01,0.000000000000000000e+00,0.000000000000000000e+00,-9.638660876826078194e+00,0.000000000000000000e+00,0.000000000000000000e+00,0.000000000000000000e+00,0.000000000000000000e+00,0.000000000000000000e+00,0.000000000000000000e+00
0.000000000000000000e+00,0.000000000000000000e+00,0.000000000000000000e+00,-9.352129242005599252e+00,-4.533356962581294725e-01,0.000000000000000000e+00,0.000000000000000000e+00,0.000000000000000000e+00,0.000000000000000000e+00,0.000000000000000000e+00
0.000000000000000000e+00,0.000000000000000000e+00,0.000000000000000000e+00,0.000000000000000000e+00,0.000000000000000000e+00,0.000000000000000000e+00,0.000000000000000000e+00,9.689525470436514354e+00,0.000000000000000000e+00,0.000000000000000000e+00
0.000000000000000000e+00,0.000000000000000000e+00,0.000000000000000000e+00,-9.767086300138979382e+00,0.000000000000000000e+00,0.000000000000000000e+00,0.000000000000000000e+00,0.000000000000000000e+00,0.000000000000000000e+00,0.000000000000000000e+00
0.000000000000000000e+00,0.000000000000000000e+00,0.000000000000000000e+00,-4.144032112670280377e+00,0.000000000000000000e+00,0.000000000000000000e+00,0.000000000000000000e+00,5.733622391470180268e+00,0.000000000000000000e+00,0.000000000000000000e+00
0.000000000000000000e+00,0.000000000000000000e+00,0.000000000000000000e+00,-6.889007066879420549e+00,0.000000000000000000e+00,0.000000000000000000e+00,0.000000000000000000e+00,3.060603354044908020e+00,0.000000000000000000e+00,0.000000000000000000e+00
0.000000000000000000e+00,0.000000000000000000e+00,0.000000000000000000e+00,-9.582326808338629931e+00,0.000000000000000000e+00,0.000000000000000000e+00,0.000000000000000000e+00,0.000000000000000000e+00,0.000000000000000000e+00,0.000000000000000000e+00
0.000000000000000000e+00,0.000000000000000000e+00,0.000000000000000000e+00,-6.240569071281142577e+00,0.000000000000000000e+00,0.000000000000000000e+00,0.000000000000000000e+00,3.097453185079790838e+00,-3.708727198056629426e-01,0.000000000000000000e+00
0.000000000000000000e+00,0.000000000000000000e+00,-6.400611523099247080e+00,-7.114410838974127849e+00,0.000000000000000000e+00,0.000000000000000000e+00,0.000000000000000000e+00,0.000000000000000000e+00,0.000000000000000000e+00,0.000000000000000000e+00
0.000000000000000000e+00,0.000000000000000000e+00,-6.567868882437903011e+00,-7.087014141179356130e+00,0.000000000000000000e+00,0.000000000000000000e+00,0.000000000000000000e+00,0.000000000000000000e+00,0.000000000000000000e+00,0.000000000000000000e+00
0.000000000000000000e+00,0.000000000000000000e+00,-7.358097952957848520e+00,-3.015175014001203024e+00,0.000000000000000000e+00,0.000000000000000000e+00,0.000000000000000000e+00,3.305811315891070468e+00,0.000000000000000000e+00,0.000000000000000000e+00
0.000000000000000000e+00,0.000000000000000000e+00,-7.437113010233447952e+00,-6.446208560292346235e+00,0.000000000000000000e+00,0.000000000000000000e+00,0.000000000000000000e+00,0.000000000000000000e+00,0.000000000000000000e+00,0.000000000000000000e+00
0.000000000000000000e+00,0.000000000000000000e+00,-7.476325149712012674e+00,-4.338091766672975247e+00,0.000000000000000000e+00,0.000000000000000000e+00,0.000000000000000000e+00,2.082357207941045729e+00,0.000000000000000000e+00,0.000000000000000000e+00
0.000000000000000000e+00,0.000000000000000000e+00,-9.871890590110592001e+00,0.000000000000000000e+00,0.000000000000000000e+00,0.000000000000000000e+00,0.000000000000000000e+00,0.000000000000000000e+00,0.000000000000000000e+00,0.000000000000000000e+00
0.000000000000000000e+00,0.000000000000000000e+00,-9.666447963993620718e+00,0.000000000000000000e+00,0.000000000000000000e+00,0.000000000000000000e+00,0.000000000000000000e+00,0.000000000000000000e+00,0.000000000000000000e+00,0.000000000000000000e+00
0.000000000000000000e+00,0.000000000000000000e+00,-9.524137444190547086e+00,0.000000000000000000e+00,0.000000000000000000e+00,0.000000000000000000e+00,0.000000000000000000e+00,0.000000000000000000e+00,0.000000000000000000e+00,0.000000000000000000e+00
0.000000000000000000e+00,0.000000000000000000e+00,-9.397626747980526218e+00,0.000000000000000000e+00,0.000000000000000000e+00,0.000000000000000000e+00,0.000000000000000000e+00,0.000000000000000000e+00,0.000000000000000000e+00,-5.959861563474871948e-01
0.000000000000000000e+00,0.000000000000000000e+00,-9.375432766694077102e+00,0.000000000000000000e+00,0.000000000000000000e+00,0.000000000000000000e+00,0.000000000000000000e+00,0.000000000000000000e+00,0.000000000000000000e+00,0.000000000000000000e+00
0.000000000000000000e+00,0.000000000000000000e+00,-9.488809123759027742e+00,3.542078878274746434e-01,0.000000000000000000e+00,0.000000000000000000e+00,0.000000000000000000e+00,0.000000000000000000e+00,0.000000000000000000e+00,0.000000000000000000e+00
0.000000000000000000e+00,0.000000000000000000e+00,-9.797638646966014164e+00,0.000000000000000000e+00,0.000000000000000000e+00,0.000000000000000000e+00,0.000000000000000000e+00,0.000000000000000000e+00,0.000000000000000000e+00,0.000000000000000000e+00
0.000000000000000000e+00,0.000000000000000000e+00,-9.296411747612959076e+00,0.000000000000000000e+00,0.000000000000000000e+00,0.000000000000000000e+00,0.000000000000000000e+00,0.000000000000000000e+00,0.000000000000000000e+00,0.000000000000000000e+00
0.000000000000000000e+00,0.000000000000000000e+00,-1.009148401388079463e+01,0.000000000000000000e+00,0.000000000000000000e+00,0.000000000000000000e+00,0.000000000000000000e+00,0.000000000000000000e+00,0.000000000000000000e+00,0.000000000000000000e+00
0.000000000000000000e+00,0.000000000000000000e+00,-9.333162794556210784e+00,0.000000000000000000e+00,6.377152949305064933e-01,-1.252750388901568146e-01,0.000000000000000000e+00,0.000000000000000000e+00,0.000000000000000000e+00,0.000000000000000000e+00
0.000000000000000000e+00,0.000000000000000000e+00,-9.719446875461207114e+00,0.000000000000000000e+00,0.000000000000000000e+00,0.000000000000000000e+00,0.000000000000000000e+00,0.000000000000000000e+00,0.000000000000000000e+00,-1.133711739781064626e-01
0.000000000000000000e+00,0.000000000000000000e+00,-9.522006557840438035e+00,2.057071594291945416e-01,0.000000000000000000e+00,0.000000000000000000e+00,0.000000000000000000e+00,0.000000000000000000e+00,0.000000000000000000e+00,0.000000000000000000e+00
0.000000000000000000e+00,0.000000000000000000e+00,-9.647497159302719894e+00,0.000000000000000000e+00,0.000000000000000000e+00,0.000000000000000000e+00,0.000000000000000000e+00,0.000000000000000000e+00,0.000000000000000000e+00,0.000000000000000000e+00
0.000000000000000000e+00,0.000000000000000000e+00,-9.592416833076638838e+00,0.000000000000000000e+00,0.000000000000000000e+00,0.000000000000000000e+00,0.000000000000000000e+00,0.000000000000000000e+00,-1.555834952515728897e-01,0.000000000000000000e+00
0.000000000000000000e+00,0.000000000000000000e+00,-1.001587253629960372e+01,0.000000000000000000e+00,0.000000000000000000e+00,0.000000000000000000e+00,0.000000000000000000e+00,0.000000000000000000e+00,0.000000000000000000e+00,0.000000000000000000e+00
0.000000000000000000e+00,0.000000000000000000e+00,-9.785717190518953501e+00,0.000000000000000000e+00,0.000000000000000000e+00,0.000000000000000000e+00,0.000000000000000000e+00,0.000000000000000000e+00,0.000000000000000000e+00,0.000000000000000000e+00
0.000000000000000000e+00,0.000000000000000000e+00,-9.802308216798698126e+00,0.000000000000000000e+00,0.000000000000000000e+00,0.000000000000000000e+00,0.000000000000000000e+00,0.000000000000000000e+00,0.000000000000000000e+00,0.000000000000000000e+00
0.000000000000000000e+00,0.000000000000000000e+00,-9.804588297698748178e+00,-1.027959434986173703e-01,0.000000000000000000e+00,0.000000000000000000e+00,0.000000000000000000e+00,0.000000000000000000e+00,0.000000000000000000e+00,0.000000000000000000e+00
0.000000000000000000e+00,0.000000000000000000e+00,-9.435937188729829117e+00,0.000000000000000000e+00,0.000000000000000000e+00,-3.083287090221926707e-01,0.000000000000000000e+00,0.000000000000000000e+00,2.675409058638441792e-02,-4.199504608953008589e-01
0.000000000000000000e+00,1.026681201201738586e-01,-9.831615758005847638e+00,0.000000000000000000e+00,0.000000000000000000e+00,0.000000000000000000e+00,0.000000000000000000e+00,0.000000000000000000e+00,0.000000000000000000e+00,0.000000000000000000e+00
0.000000000000000000e+00,0.000000000000000000e+00,-6.949181227873648226e+00,1.047613265282417161e-01,0.000000000000000000e+00,3.012964196178976817e+00,-9.709017204350246510e-01,0.000000000000000000e+00,0.000000000000000000e+00,3.930284672768563858e+00
1.449335568802444935e-02,0.000000000000000000e+00,-8.382771556739770702e+00,0.000000000000000000e+00,0.000000000000000000e+00,2.262296150743630108e+00,-3.782135936483232097e+00,0.000000000000000000e+00,0.000000000000000000e+00,0.000000000000000000e+00
0.000000000000000000e+00,0.000000000000000000e+00,-7.215542397648480488e+00,0.000000000000000000e+00,0.000000000000000000e+00,5.207230738909944812e+00,-1.879433663133368126e+00,0.000000000000000000e+00,0.000000000000000000e+00,0.000000000000000000e+00
0.000000000000000000e+00,0.000000000000000000e+00,-8.923271793297864463e+00,0.000000000000000000e+00,0.000000000000000000e+00,3.714454385512831358e+00,0.000000000000000000e+00,0.000000000000000000e+00,0.000000000000000000e+00,1.573405473415870448e+00
0.000000000000000000e+00,0.000000000000000000e+00,-7.725374327553291565e+00,0.000000000000000000e+00,0.000000000000000000e+00,6.264765414398284271e+00,0.000000000000000000e+00,0.000000000000000000e+00,0.000000000000000000e+00,0.000000000000000000e+00
0.000000000000000000e+00,0.000000000000000000e+00,0.000000000000000000e+00,0.000000000000000000e+00,0.000000000000000000e+00,6.855459942550809593e+00,-9.852033529430190839e-01,0.000000000000000000e+00,0.000000000000000000e+00,1.607999154443574552e+00
0.000000000000000000e+00,0.000000000000000000e+00,0.000000000000000000e+00,0.000000000000000000e+00,0.000000000000000000e+00,4.218377127971510099e+00,-5.554589533903396159e+00,0.000000000000000000e+00,0.000000000000000000e+00,0.000000000000000000e+00
0.000000000000000000e+00,0.000000000000000000e+00,0.000000000000000000e+00,0.000000000000000000e+00,0.000000000000000000e+00,4.573512573070380505e+00,-5.157394038666194724e+00,0.000000000000000000e+00,0.000000000000000000e+00,0.000000000000000000e+00
0.000000000000000000e+00,0.000000000000000000e+00,0.000000000000000000e+00,0.000000000000000000e+00,0.000000000000000000e+00,1.508751454049493512e+00,0.000000000000000000e+00,0.000000000000000000e+00,0.000000000000000000e+00,8.056533814251499948e+00
0.000000000000000000e+00,0.000000000000000000e+00,0.000000000000000000e+00,0.000000000000000000e+00,0.000000000000000000e+00,6.864479131203907514e+00,-2.688586609504171943e+00,0.000000000000000000e+00,0.000000000000000000e+00,0.000000000000000000e+00
0.000000000000000000e+00,0.000000000000000000e+00,4.646939185412118922e-01,0.000000000000000000e+00,0.000000000000000000e+00,7.153243368546435832e+00,0.000000000000000000e+00,0.000000000000000000e+00,0.000000000000000000e+00,2.855087551232165843e+00
0.000000000000000000e+00,0.000000000000000000e+00,0.000000000000000000e+00,1.194497564845072371e-02,0.000000000000000000e+00,0.000000000000000000e+00,-4.508037570793454130e+00,0.000000000000000000e+00,0.000000000000000000e+00,5.146703620178039174e+00
0.000000000000000000e+00,0.000000000000000000e+00,0.000000000000000000e+00,0.000000000000000000e+00,0.000000000000000000e+00,0.000000000000000000e+00,0.000000000000000000e+00,0.000000000000000000e+00,0.000000000000000000e+00,9.207166976232178612e+00
0.000000000000000000e+00,-8.104455276250407958e-02,0.000000000000000000e+00,4.030337184746501933e-02,0.000000000000000000e+00,3.421114399964858332e+00,-1.509658958514180860e+00,0.000000000000000000e+00,0.000000000000000000e+00,4.700538213988490810e+00
0.000000000000000000e+00,0.000000000000000000e+00,0.000000000000000000e+00,0.000000000000000000e+00,0.000000000000000000e+00,0.000000000000000000e+00,-9.839828766128821513e+00,0.000000000000000000e+00,0.000000000000000000e+00,0.000000000000000000e+00
0.000000000000000000e+00,-1.867839892189694373e-01,0.000000000000000000e+00,0.000000000000000000e+00,0.000000000000000000e+00,0.000000000000000000e+00,-9.022721934105931041e+00,0.000000000000000000e+00,0.000000000000000000e+00,0.000000000000000000e+00
0.000000000000000000e+00,0.000000000000000000e+00,0.000000000000000000e+00,0.000000000000000000e+00,0.000000000000000000e+00,8.298694978557559665e+00,0.000000000000000000e+00,0.000000000000000000e+00,0.000000000000000000e+00,1.029233828871983114e+00
0.000000000000000000e+00,0.000000000000000000e+00,0.000000000000000000e+00,0.000000000000000000e+00,0.000000000000000000e+00,5.427098609284080943e+00,0.000000000000000000e+00,0.000000000000000000e+00,0.000000000000000000e+00,4.026550280925064840e+00
0.000000000000000000e+00,0.000000000000000000e+00,0.000000000000000000e+00,2.347744560715266451e-02,0.000000000000000000e+00,8.631756866639118897e+00,0.000000000000000000e+00,0.000000000000000000e+00,0.000000000000000000e+00,0.000000000000000000e+00
0.000000000000000000e+00,0.000000000000000000e+00,9.355159185084539752e-02,0.000000000000000000e+00,0.000000000000000000e+00,9.927715455819235757e+00,0.000000000000000000e+00,0.000000000000000000e+00,0.000000000000000000e+00,0.000000000000000000e+00
0.000000000000000000e+00,0.000000000000000000e+00,0.000000000000000000e+00,0.000000000000000000e+00,0.000000000000000000e+00,0.000000000000000000e+00,-7.146056288309266868e+00,0.000000000000000000e+00,0.000000000000000000e+00,2.785311239769408420e+00
0.000000000000000000e+00,0.000000000000000000e+00,0.000000000000000000e+00,0.000000000000000000e+00,-2.607539925332645336e-01,8.347631552802550203e+00,-1.132436224605944952e+00,0.000000000000000000e+00,0.000000000000000000e+00,0.000000000000000000e+00
0.000000000000000000e+00,0.000000000000000000e+00,0.000000000000000000e+00,0.000000000000000000e+00,0.000000000000000000e+00,0.000000000000000000e+00,-9.664624133683000551e+00,0.000000000000000000e+00,0.000000000000000000e+00,0.000000000000000000e+00
0.000000000000000000e+00,0.000000000000000000e+00,0.000000000000000000e+00,0.000000000000000000e+00,0.000000000000000000e+00,3.006639811844566079e+00,0.000000000000000000e+00,0.000000000000000000e+00,0.000000000000000000e+00,6.414920488594438197e+00
0.000000000000000000e+00,0.000000000000000000e+00,0.000000000000000000e+00,0.000000000000000000e+00,0.000000000000000000e+00,9.118851732055436088e+00,0.000000000000000000e+00,0.000000000000000000e+00,3.462729314431543526e-01,0.000000000000000000e+00
0.000000000000000000e+00,0.000000000000000000e+00,0.000000000000000000e+00,0.000000000000000000e+00,0.000000000000000000e+00,0.000000000000000000e+00,-9.055653892232115254e+00,0.000000000000000000e+00,0.000000000000000000e+00,0.000000000000000000e+00
0.000000000000000000e+00,0.000000000000000000e+00,0.000000000000000000e+00,0.000000000000000000e+00,0.000000000000000000e+00,0.000000000000000000e+00,-9.357462765432458696e+00,0.000000000000000000e+00,0.000000000000000000e+00,0.000000000000000000e+00
0.000000000000000000e+00,0.000000000000000000e+00,0.000000000000000000e+00,0.000000000000000000e+00,0.000000000000000000e+00,0.000000000000000000e+00,0.000000000000000000e+00,0.000000000000000000e+00,0.000000000000000000e+00,9.771589599686505423e+00
0.000000000000000000e+00,0.000000000000000000e+00,0.000000000000000000e+00,0.000000000000000000e+00,0.000000000000000000e+00,0.000000000000000000e+00,-2.324619999963137396e+00,0.000000000000000000e+00,-1.212129489098261736e-01,7.699502344507086704e+00
0.000000000000000000e+00,0.000000000000000000e+00,0.000000000000000000e+00,0.000000000000000000e+00,0.000000000000000000e+00,0.000000000000000000e+00,-9.354066074000265019e+00,0.000000000000000000e+00,0.000000000000000000e+00,0.000000000000000000e+00
