-5.883953177447387439e-01,2.356855510606895021e-02,-6.391436655942678291e-02,1.030082252699298512e-01,2.463442036734613330e-03,1.402745732659099465e-01,-4.607962235266414158e-02,0.000000000000000000e+00,0.000000000000000000e+00,0.000000000000000000e+00,0.000000000000000000e+00,0.000000000000000000e+00,0.000000000000000000e+00,0.000000000000000000e+00,0.000000000000000000e+00,0.000000000000000000e+00,0.000000000000000000e+00,0.000000000000000000e+00,0.000000000000000000e+00,0.000000000000000000e+00
-1.861408370007745505e-01,-5.382241505126642012e-02,1.372658587932830132e-01,-4.412007710795438908e-02,7.847994725626048027e-04,5.547478623615955534e-02,4.127143387649705175e-02,0.000000000000000000e+00,0.000000000000000000e+00,0.000000000000000000e+00,0.000000000000000000e+00,0.000000000000000000e+00,0.000000000000000000e+00,0.000000000000000000e+00,0.000000000000000000e+00,0.000000000000000000e+00,0.000000000000000000e+00,0.000000000000000000e+00,0.000000000000000000e+00,0.000000000000000000e+00
-4.684857456382345853e-01,4.178791226996347169e-02,9.721962023357746951e-02,6.677483533181863273e-02,-2.564786320869542630e-03,7.162735004463964550e-02,-8.946499823086985839e-03,0.000000000000000000e+00,0.000000000000000000e+00,0.000000000000000000e+00,0.000000000000000000e+00,0.000000000000000000e+00,0.000000000000000000e+00,0.000000000000000000e+00,0.000000000000000000e+00,0.000000000000000000e+00,0.000000000000000000e+00,0.000000000000000000e+00,0.000000000000000000e+00,0.000000000000000000e+00
-6.186738589254747733e-01,-4.422514512894971939e-02,-2.773049932361319747e-02,1.508180471906995501e-01,-3.713935926980265617e-02,2.167173049775735286e-02,-1.093737365716551807e-01,0.000000000000000000e+00,0.000000000000000000e+00,0.000000000000000000e+00,0.000000000000000000e+00,0.000000000000000000e+00,0.000000000000000000e+00,0.000000000000000000e+00,0.000000000000000000e+00,0.000000000000000000e+00,0.000000000000000000e+00,0.000000000000000000e+00,0.000000000000000000e+00,0.000000000000000000e+00
-6.204109769126788798e-01,2.164890221940098114e-02,-1.191474829693526111e-01,1.622055395844238315e-03,4.370514259968131393e-02,1.881842498515084727e-01,-8.201581401704655105e-02,0.000000000000000000e+00,0.000000000000000000e+00,0.000000000000000000e+00,0.000000000000000000e+00,0.000000000000000000e+00,0.000000000000000000e+00,0.000000000000000000e+00,0.000000000000000000e+00,0.000000000000000000e+00,0.000000000000000000e+00,0.000000000000000000e+00,0.000000000000000000e+00,0.000000000000000000e+00
-3.265390095530060210e-01,-5.901802453870125253e-02,9.653479976047096844e-02,4.019707155612586152e-02,9.563860583950260785e-02,2.386140790872263995e-02,0.000000000000000000e+00,0.000000000000000000e+00,0.000000000000000000e+00,0.000000000000000000e+00,0.000000000000000000e+00,0.000000000000000000e+00,0.000000000000000000e+00,0.000000000000000000e+00,0.000000000000000000e+00,0.000000000000000000e+00,0.000000000000000000e+00,0.000000000000000000e+00,0.000000000000000000e+00,0.000000000000000000e+00
-5.530589500167758521e-01,-9.292559678712561388e-02,-2.043467381404194885e-02,9.575884673146804749e-02,-3.111502012808536888e-01,3.535651830699637621e-02,-6.494397407458729621e-02,0.000000000000000000e+00,0.000000000000000000e+00,0.000000000000000000e+00,0.000000000000000000e+00,0.000000000000000000e+00,0.000000000000000000e+00,0.000000000000000000e+00,0.000000000000000000e+00,0.000000000000000000e+00,0.000000000000000000e+00,0.000000000000000000e+00,0.000000000000000000e+00,0.000000000000000000e+00
-5.263615532875843828e-01,-5.624927327869039262e-02,5.107042169884336638e-03,7.022186762269851112e-02,-1.252439469836688080e-01,4.220152050689445627e-02,-1.226725401410713595e-01,0.000000000000000000e+00,0.000000000000000000e+00,0.000000000000000000e+00,0.000000000000000000e+00,0.000000000000000000e+00,0.000000000000000000e+00,0.000000000000000000e+00,0.000000000000000000e+00,0.000000000000000000e+00,0.000000000000000000e+00,0.000000000000000000e+00,0.000000000000000000e+00,0.000000000000000000e+00
-5.626461560581258459e-01,-0.000000000000000000e+00,2.272861897821751558e-03,2.758468832696057277e-02,1.234705565698002161e-02,4.059886561602177313e-02,-1.751127365200436450e-02,0.000000000000000000e+00,0.000000000000000000e+00,0.000000000000000000e+00,0.000000000000000000e+00,0.000000000000000000e+00,0.000000000000000000e+00,0.000000000000000000e+00,0.000000000000000000e+00,0.000000000000000000e+00,0.000000000000000000e+00,0.000000000000000000e+00,0.000000000000000000e+00,0.000000000000000000e+00
-3.040845339297691408e-01,-3.078882663160267472e-02,2.302469216135621943e-01,7.216568202245486618e-02,6.559172410793919113e-03,1.563880464767465062e-01,0.000000000000000000e+00,0.000000000000000000e+00,0.000000000000000000e+00,0.000000000000000000e+00,0.000000000000000000e+00,0.000000000000000000e+00,0.000000000000000000e+00,0.000000000000000000e+00,0.000000000000000000e+00,0.000000000000000000e+00,0.000000000000000000e+00,0.000000000000000000e+00,0.000000000000000000e+00,0.000000000000000000e+00
-2.998188798049354342e-01,-3.858578192227947196e-03,1.434920587462279740e-01,1.320154341097345141e-01,-0.000000000000000000e+00,1.168562168289072750e-01,2.183588642600832463e-02,0.000000000000000000e+00,0.000000000000000000e+00,0.000000000000000000e+00,0.000000000000000000e+00,0.000000000000000000e+00,0.000000000000000000e+00,0.000000000000000000e+00,0.000000000000000000e+00,0.000000000000000000e+00,0.000000000000000000e+00,0.000000000000000000e+00,0.000000000000000000e+00,0.000000000000000000e+00
-7.968459284143056820e-01,-7.188082763054870483e-02,4.452459578251746208e-01,8.192477929839565853e-02,1.346551577337797879e-02,1.298665436345076418e-01,-2.224897666803892296e-02,0.000000000000000000e+00,0.000000000000000000e+00,0.000000000000000000e+00,0.000000000000000000e+00,0.000000000000000000e+00,0.000000000000000000e+00,0.000000000000000000e+00,0.000000000000000000e+00,0.000000000000000000e+00,0.000000000000000000e+00,0.000000000000000000e+00,0.000000000000000000e+00,0.000000000000000000e+00
-6.950720523092114300e-01,-0.000000000000000000e+00,-1.606975490896674422e-02,5.937930766395639604e-02,-3.353877838817164170e-01,7.040301619582487423e-03,1.759509774899696011e-01,0.000000000000000000e+00,0.000000000000000000e+00,0.000000000000000000e+00,0.000000000000000000e+00,0.000000000000000000e+00,0.000000000000000000e+00,0.000000000000000000e+00,0.000000000000000000e+00,0.000000000000000000e+00,0.000000000000000000e+00,0.000000000000000000e+00,0.000000000000000000e+00,0.000000000000000000e+00
-6.196949366553083927e-01,7.095951494660357461e-03,-1.431426172370756089e-01,6.089612067859021677e-02,-1.383996764577182237e-01,7.769469533906432634e-02,2.252274941593549948e-02,0.000000000000000000e+00,0.000000000000000000e+00,0.000000000000000000e+00,0.000000000000000000e+00,0.000000000000000000e+00,0.000000000000000000e+00,0.000000000000000000e+00,0.000000000000000000e+00,0.000000000000000000e+00,0.000000000000000000e+00,0.000000000000000000e+00,0.000000000000000000e+00,0.000000000000000000e+00
-5.413954797465491131e-01,3.812536597227082769e-02,-1.169574750251897027e-02,9.850642052498879975e-02,-2.598489540781670493e-02,5.142661743746035352e-02,-7.775190065638974690e-02,0.000000000000000000e+00,0.000000000000000000e+00,0.000000000000000000e+00,0.000000000000000000e+00,0.000000000000000000e+00,0.000000000000000000e+00,0.000000000000000000e+00,0.000000000000000000e+00,0.000000000000000000e+00,0.000000000000000000e+00,0.000000000000000000e+00,0.000000000000000000e+00,0.000000000000000000e+00
-3.080314583531847950e-01,-2.774333418647258534e-02,1.156781073305684499e-01,7.173006265023830486e-02,1.167575191806518725e-01,1.439262948864229209e-02,2.129637092408848999e-03,0.000000000000000000e+00,0.000000000000000000e+00,0.000000000000000000e+00,0.000000000000000000e+00,0.000000000000000000e+00,0.000000000000000000e+00,0.000000000000000000e+00,0.000000000000000000e+00,0.000000000000000000e+00,0.000000000000000000e+00,0.000000000000000000e+00,0.000000000000000000e+00,0.000000000000000000e+00
-3.862742311697133779e-01,1.923646099333518877e-02,1.489379170755946724e-01,1.051011139963679702e-01,-6.028567697911219742e-02,1.317998452116992958e-01,3.052710489616193568e-02,0.000000000000000000e+00,0.000000000000000000e+00,0.000000000000000000e+00,0.000000000000000000e+00,0.000000000000000000e+00,0.000000000000000000e+00,0.000000000000000000e+00,0.000000000000000000e+00,0.000000000000000000e+00,0.000000000000000000e+00,0.000000000000000000e+00,0.000000000000000000e+00,0.000000000000000000e+00
-6.529526435143715446e-01,-3.981410592734681286e-02,6.921063757627854418e-02,9.901499028583089779e-02,-1.844230952910301258e-01,-2.654283662209860895e-02,2.856474262796856317e-02,0.000000000000000000e+00,0.000000000000000000e+00,0.000000000000000000e+00,0.000000000000000000e+00,0.000000000000000000e+00,0.000000000000000000e+00,0.000000000000000000e+00,0.000000000000000000e+00,0.000000000000000000e+00,0.000000000000000000e+00,0.000000000000000000e+00,0.000000000000000000e+00,0.000000000000000000e+00
-5.380303666133660068e-01,9.739847595508931491e-03,-1.657287154947400809e-01,7.614492446089117517e-02,6.787869429393011966e-02,-2.008236180059732034e-01,-1.230436763335569228e-01,0.000000000000000000e+00,0.000000000000000000e+00,0.000000000000000000e+00,0.000000000000000000e+00,0.000000000000000000e+00,0.000000000000000000e+00,0.000000000000000000e+00,0.000000000000000000e+00,0.000000000000000000e+00,0.000000000000000000e+00,0.000000000000000000e+00,0.000000000000000000e+00,0.000000000000000000e+00
-5.962282827989437983e-01,1.699387307526668139e-02,-8.433931781374330583e-02,8.013348919386256708e-02,9.987260756457349425e-03,1.392948204357409292e-01,-1.081428139788168374e-01,0.000000000000000000e+00,0.000000000000000000e+00,0.000000000000000000e+00,0.000000000000000000e+00,0.000000000000000000e+00,0.000000000000000000e+00,0.000000000000000000e+00,0.000000000000000000e+00,0.000000000000000000e+00,0.000000000000000000e+00,0.000000000000000000e+00,0.000000000000000000e+00,0.000000000000000000e+00
-5.278674120724227148e-01,-2.214399793632850638e-02,0.000000000000000000e+00,1.286802303229100941e-01,-1.044092392311684464e-02,-2.859851713510339760e-02,-7.849818888920104265e-02,0.000000000000000000e+00,0.000000000000000000e+00,0.000000000000000000e+00,0.000000000000000000e+00,0.000000000000000000e+00,0.000000000000000000e+00,0.000000000000000000e+00,0.000000000000000000e+00,0.000000000000000000e+00,0.000000000000000000e+00,0.000000000000000000e+00,0.000000000000000000e+00,0.000000000000000000e+00
-5.306011568943471701e-01,-2.372907572434461779e-02,4.435276576237380530e-02,1.657663240678672045e-01,-3.225676500097782173e-02,1.028606270927217153e-01,-6.256804393576809176e-02,0.000000000000000000e+00,0.000000000000000000e+00,0.000000000000000000e+00,0.000000000000000000e+00,0.000000000000000000e+00,0.000000000000000000e+00,0.000000000000000000e+00,0.000000000000000000e+00,0.000000000000000000e+00,0.000000000000000000e+00,0.000000000000000000e+00,0.000000000000000000e+00,0.000000000000000000e+00
-7.497680232364766217e-01,7.840307806495348808e-02,7.311844234573372514e-02,-3.059230457332663966e-01,3.705651103318730218e-03,-2.933049519568755592e-01,-4.983067699488428343e-02,0.000000000000000000e+00,0.000000000000000000e+00,0.000000000000000000e+00,0.000000000000000000e+00,0.000000000000000000e+00,0.000000000000000000e+00,0.000000000000000000e+00,0.000000000000000000e+00,0.000000000000000000e+00,0.000000000000000000e+00,0.000000000000000000e+00,0.000000000000000000e+00,0.000000000000000000e+00
-3.363765400517336190e-01,-1.948581324157093106e-02,1.803199748129430402e-01,1.115578227971159020e-01,-2.925731075517131602e-03,1.000043267248150042e-01,6.677301367016916234e-02,0.000000000000000000e+00,0.000000000000000000e+00,0.000000000000000000e+00,0.000000000000000000e+00,0.000000000000000000e+00,0.000000000000000000e+00,0.000000000000000000e+00,0.000000000000000000e+00,0.000000000000000000e+00,0.000000000000000000e+00,0.000000000000000000e+00,0.000000000000000000e+00,0.000000000000000000e+00
-6.647527879209524926e-01,1.013988621478267155e-01,-2.019007123383534663e-01,7.759405849777119279e-02,-2.134004785041571928e-01,1.110597491061220410e-01,9.946908786333601149e-02,0.000000000000000000e+00,0.000000000000000000e+00,0.000000000000000000e+00,0.000000000000000000e+00,0.000000000000000000e+00,0.000000000000000000e+00,0.000000000000000000e+00,0.000000000000000000e+00,0.000000000000000000e+00,0.000000000000000000e+00,0.000000000000000000e+00,0.000000000000000000e+00,0.000000000000000000e+00
-3.396597641960673042e-01,-4.292323516004999812e-02,9.532096515433305384e-02,8.710681751443362375e-02,-8.777951397170380421e-02,0.000000000000000000e+00,8.820374853236359614e-02,0.000000000000000000e+00,0.000000000000000000e+00,0.000000000000000000e+00,0.000000000000000000e+00,0.000000000000000000e+00,0.000000000000000000e+00,0.000000000000000000e+00,0.000000000000000000e+00,0.000000000000000000e+00,0.000000000000000000e+00,0.000000000000000000e+00,0.000000000000000000e+00,0.000000000000000000e+00
-5.766687868495901093e-01,-8.299112643418102286e-02,5.459449424530893324e-02,1.200847471211635847e-01,8.859393221088980586e-02,-0.000000000000000000e+00,1.689696018254392001e-02,0.000000000000000000e+00,0.000000000000000000e+00,0.000000000000000000e+00,0.000000000000000000e+00,0.000000000000000000e+00,0.000000000000000000e+00,0.000000000000000000e+00,0.000000000000000000e+00,0.000000000000000000e+00,0.000000000000000000e+00,0.000000000000000000e+00,0.000000000000000000e+00,0.000000000000000000e+00
-6.708181776357479142e-01,-7.831827141849904972e-02,-1.823533697109814763e-02,3.616249997380088094e-02,-1.361069212703959197e-01,9.739463523745230111e-02,1.667317051070414669e-01,0.000000000000000000e+00,0.000000000000000000e+00,0.000000000000000000e+00,0.000000000000000000e+00,0.000000000000000000e+00,0.000000000000000000e+00,0.000000000000000000e+00,0.000000000000000000e+00,0.000000000000000000e+00,0.000000000000000000e+00,0.000000000000000000e+00,0.000000000000000000e+00,0.000000000000000000e+00
-5.391130222343231138e-01,3.656077476477476162e-02,0.000000000000000000e+00,1.156513891935601057e-01,-2.741336174482248561e-03,3.855038975053803191e-02,-4.872501308401185061e-02,0.000000000000000000e+00,0.000000000000000000e+00,0.000000000000000000e+00,0.000000000000000000e+00,0.000000000000000000e+00,0.000000000000000000e+00,0.000000000000000000e+00,0.000000000000000000e+00,0.000000000000000000e+00,0.000000000000000000e+00,0.000000000000000000e+00,0.000000000000000000e+00,0.000000000000000000e+00
-4.471613866889082578e-01,0.000000000000000000e+00,1.981447619868959287e-01,1.023439172977623213e-01,-1.394762063244174045e-02,8.041274105545410944e-02,-6.374744474510080083e-02,0.000000000000000000e+00,0.000000000000000000e+00,0.000000000000000000e+00,0.000000000000000000e+00,0.000000000000000000e+00,0.000000000000000000e+00,0.000000000000000000e+00,0.000000000000000000e+00,0.000000000000000000e+00,0.000000000000000000e+00,0.000000000000000000e+00,0.000000000000000000e+00,0.000000000000000000e+00
-2.613520406409382546e-01,-5.486063671346790883e-04,1.640277236793685062e-02,9.033861478679450219e-02,-1.497473984117385706e-02,-1.908575948735607639e-02,-3.900817293433668509e-02,0.000000000000000000e+00,0.000000000000000000e+00,0.000000000000000000e+00,0.000000000000000000e+00,0.000000000000000000e+00,0.000000000000000000e+00,0.000000000000000000e+00,0.000000000000000000e+00,0.000000000000000000e+00,0.000000000000000000e+00,0.000000000000000000e+00,0.000000000000000000e+00,0.000000000000000000e+00
-4.778895672774396419e-01,-5.203017128203062808e-02,9.043103276165163906e-02,1.809011480224356483e-01,-5.623378177904290315e-02,4.514669039447003623e-02,-8.775484376796778563e-02,0.000000000000000000e+00,0.000000000000000000e+00,0.000000000000000000e+00,0.000000000000000000e+00,0.000000000000000000e+00,0.000000000000000000e+00,0.000000000000000000e+00,0.000000000000000000e+00,0.000000000000000000e+00,0.000000000000000000e+00,0.000000000000000000e+00,0.000000000000000000e+00,0.000000000000000000e+00
-5.446780429427836578e-01,-4.429558642287756420e-02,-5.064782688468891236e-02,1.107298516116571041e-01,-1.815228835767848381e-01,0.000000000000000000e+00,3.458979530116287199e-02,0.000000000000000000e+00,0.000000000000000000e+00,0.000000000000000000e+00,0.000000000000000000e+00,0.000000000000000000e+00,0.000000000000000000e+00,0.000000000000000000e+00,0.000000000000000000e+00,0.000000000000000000e+00,0.000000000000000000e+00,0.000000000000000000e+00,0.000000000000000000e+00,0.000000000000000000e+00
-5.011072830442862003e-01,8.307853292012173929e-02,-3.883088465036017151e-02,2.006426013398747155e-01,-2.731349991585325238e-02,7.660199979243874358e-02,-5.342947390309267519e-02,0.000000000000000000e+00,0.000000000000000000e+00,0.000000000000000000e+00,0.000000000000000000e+00,0.000000000000000000e+00,0.000000000000000000e+00,0.000000000000000000e+00,0.000000000000000000e+00,0.000000000000000000e+00,0.000000000000000000e+00,0.000000000000000000e+00,0.000000000000000000e+00,0.000000000000000000e+00
-3.202086448229937710e-01,-3.960042189017369541e-02,4.121984330329136331e-02,1.343200251800278910e-01,-4.202014780063685617e-02,1.231310328857913167e-02,-8.669681120575467581e-02,0.000000000000000000e+00,0.000000000000000000e+00,0.000000000000000000e+00,0.000000000000000000e+00,0.000000000000000000e+00,0.000000000000000000e+00,0.000000000000000000e+00,0.000000000000000000e+00,0.000000000000000000e+00,0.000000000000000000e+00,0.000000000000000000e+00,0.000000000000000000e+00,0.000000000000000000e+00
-6.313686135236453723e-01,7.232375766083450064e-02,-7.341094855641752681e-02,2.079112618697125936e-01,-5.580026260406725780e-02,1.679059006087725570e-01,7.335524681702533349e-03,0.000000000000000000e+00,0.000000000000000000e+00,0.000000000000000000e+00,0.000000000000000000e+00,0.000000000000000000e+00,0.000000000000000000e+00,0.000000000000000000e+00,0.000000000000000000e+00,0.000000000000000000e+00,0.000000000000000000e+00,0.000000000000000000e+00,0.000000000000000000e+00,0.000000000000000000e+00
-5.275539726718435629e-01,-2.060193840885421804e-02,-7.486688190464232950e-02,1.356378297090025664e-01,-1.278518773301130784e-01,-1.159944858877397364e-03,-7.589745371792150364e-02,0.000000000000000000e+00,0.000000000000000000e+00,0.000000000000000000e+00,0.000000000000000000e+00,0.000000000000000000e+00,0.000000000000000000e+00,0.000000000000000000e+00,0.000000000000000000e+00,0.000000000000000000e+00,0.000000000000000000e+00,0.000000000000000000e+00,0.000000000000000000e+00,0.000000000000000000e+00
-2.549855944514125006e-01,0.000000000000000000e+00,8.057277085607097988e-02,-2.459925898915435796e-02,-8.051528705987132106e-02,4.080143176211669526e-02,-6.276206567543507475e-02,0.000000000000000000e+00,0.000000000000000000e+00,0.000000000000000000e+00,0.000000000000000000e+00,0.000000000000000000e+00,0.000000000000000000e+00,0.000000000000000000e+00,0.000000000000000000e+00,0.000000000000000000e+00,0.000000000000000000e+00,0.000000000000000000e+00,0.000000000000000000e+00,0.000000000000000000e+00
-5.509891520942103993e-01,-2.419950154468890682e-02,7.329118535056201866e-02,7.422740839059029094e-02,-1.698299000352909149e-01,-1.011758212627187833e-02,-8.360773957228864739e-02,0.000000000000000000e+00,0.000000000000000000e+00,0.000000000000000000e+00,0.000000000000000000e+00,0.000000000000000000e+00,0.000000000000000000e+00,0.000000000000000000e+00,0.000000000000000000e+00,0.000000000000000000e+00,0.000000000000000000e+00,0.000000000000000000e+00,0.000000000000000000e+00,0.000000000000000000e+00
-5.512410305876312977e-01,-1.258353262059292918e-02,-1.229602975093299216e-01,1.064812775198986095e-01,-1.225209687554804361e-01,-5.434022964495713488e-03,-1.092827137850992669e-01,0.000000000000000000e+00,0.000000000000000000e+00,0.000000000000000000e+00,0.000000000000000000e+00,0.000000000000000000e+00,0.000000000000000000e+00,0.000000000000000000e+00,0.000000000000000000e+00,0.000000000000000000e+00,0.000000000000000000e+00,0.000000000000000000e+00,0.000000000000000000e+00,0.000000000000000000e+00
-4.527189057668601357e-01,-8.145308212160587424e-02,9.058969230598553322e-04,1.616253616554604589e-01,5.112183626339196832e-03,7.398718880288000788e-02,-1.086379291420291743e-01,0.000000000000000000e+00,0.000000000000000000e+00,0.000000000000000000e+00,0.000000000000000000e+00,0.000000000000000000e+00,0.000000000000000000e+00,0.000000000000000000e+00,0.000000000000000000e+00,0.000000000000000000e+00,0.000000000000000000e+00,0.000000000000000000e+00,0.000000000000000000e+00,0.000000000000000000e+00
-6.169602697268059543e-01,2.847689204967428916e-03,-6.934141949750729887e-03,2.018397111194658589e-01,-5.724590474475337726e-02,4.351162327195473578e-02,1.255568161891975482e-02,0.000000000000000000e+00,0.000000000000000000e+00,0.000000000000000000e+00,0.000000000000000000e+00,0.000000000000000000e+00,0.000000000000000000e+00,0.000000000000000000e+00,0.000000000000000000e+00,0.000000000000000000e+00,0.000000000000000000e+00,0.000000000000000000e+00,0.000000000000000000e+00,0.000000000000000000e+00
-4.235752034939617716e-01,-4.793325088036543696e-02,-2.341789496839064705e-02,8.415483605370562004e-02,-2.035745821739294581e-02,2.577741018177813134e-02,1.942554883364996585e-02,0.000000000000000000e+00,0.000000000000000000e+00,0.000000000000000000e+00,0.000000000000000000e+00,0.000000000000000000e+00,0.000000000000000000e+00,0.000000000000000000e+00,0.000000000000000000e+00,0.000000000000000000e+00,0.000000000000000000e+00,0.000000000000000000e+00,0.000000000000000000e+00,0.000000000000000000e+00
-4.250627736938489276e-01,-2.262984785083456060e-02,4.473429166179992283e-02,1.631156759359731270e-02,-2.698475479096829359e-04,5.415466047830862911e-02,6.220810600756664782e-02,0.000000000000000000e+00,0.000000000000000000e+00,0.000000000000000000e+00,0.000000000000000000e+00,0.000000000000000000e+00,0.000000000000000000e+00,0.000000000000000000e+00,0.000000000000000000e+00,0.000000000000000000e+00,0.000000000000000000e+00,0.000000000000000000e+00,0.000000000000000000e+00,0.000000000000000000e+00
-5.656867134786679463e-01,-1.126835492734096743e-02,-3.671170347036784021e-02,1.689089070491108513e-01,1.681558701874866267e-03,-6.048018879344722182e-02,-1.096708760440753133e-01,0.000000000000000000e+00,0.000000000000000000e+00,0.000000000000000000e+00,0.000000000000000000e+00,0.000000000000000000e+00,0.000000000000000000e+00,0.000000000000000000e+00,0.000000000000000000e+00,0.000000000000000000e+00,0.000000000000000000e+00,0.000000000000000000e+00,0.000000000000000000e+00,0.000000000000000000e+00
-6.888972357261916590e-01,-1.623540714141291086e-01,1.566549612900473565e-01,5.363284781121739619e-02,-1.043645547071796603e-01,-1.105938984362860034e-01,3.748633577367200403e-02,0.000000000000000000e+00,0.000000000000000000e+00,0.000000000000000000e+00,0.000000000000000000e+00,0.000000000000000000e+00,0.000000000000000000e+00,0.000000000000000000e+00,0.000000000000000000e+00,0.000000000000000000e+00,0.000000000000000000e+00,0.000000000000000000e+00,0.000000000000000000e+00,0.000000000000000000e+00
-7.095161665028466569e-01,-3.116364017915966914e-02,-5.304678868010995890e-02,7.669842723807721030e-02,-1.031612772329627975e-01,-1.459232271131597480e-01,-3.121613314973802761e-02,0.000000000000000000e+00,0.000000000000000000e+00,0.000000000000000000e+00,0.000000000000000000e+00,0.000000000000000000e+00,0.000000000000000000e+00,0.000000000000000000e+00,0.000000000000000000e+00,0.000000000000000000e+00,0.000000000000000000e+00,0.000000000000000000e+00,0.000000000000000000e+00,0.000000000000000000e+00
-2.026370073037186970e-01,1.157042975695282000e-03,6.814199848680026206e-02,-1.699340539831464478e-02,3.535570128571250553e-02,3.257083690572856044e-02,1.321115778971299753e-02,0.000000000000000000e+00,0.000000000000000000e+00,0.000000000000000000e+00,0.000000000000000000e+00,0.000000000000000000e+00,0.000000000000000000e+00,0.000000000000000000e+00,0.000000000000000000e+00,0.000000000000000000e+00,0.000000000000000000e+00,0.000000000000000000e+00,0.000000000000000000e+00,0.000000000000000000e+00
-5.101303188007014766e-01,-6.241958641328445440e-02,1.143614686141119531e-02,1.113691809755606825e-02,-1.048004268649925658e-01,-6.305900474712773651e-02,-1.080750893689373660e-01,0.000000000000000000e+00,0.000000000000000000e+00,0.000000000000000000e+00,0.000000000000000000e+00,0.000000000000000000e+00,0.000000000000000000e+00,0.000000000000000000e+00,0.000000000000000000e+00,0.000000000000000000e+00,0.000000000000000000e+00,0.000000000000000000e+00,0.000000000000000000e+00,0.000000000000000000e+00
-5.963307029904120204e-01,-4.956153458261040867e-02,-6.513843486425414941e-02,1.308338653000642726e-01,-3.346226305290035674e-02,-2.335649871280094658e-02,-1.504514815057137189e-01,0.000000000000000000e+00,0.000000000000000000e+00,0.000000000000000000e+00,0.000000000000000000e+00,0.000000000000000000e+00,0.000000000000000000e+00,0.000000000000000000e+00,0.000000000000000000e+00,0.000000000000000000e+00,0.000000000000000000e+00,0.000000000000000000e+00,0.000000000000000000e+00,0.000000000000000000e+00
-6.007721522448197238e-01,4.087554348244599144e-03,-4.037850787157697130e-02,9.289802900289734211e-02,-2.521232473772045957e-01,-3.605800640627306042e-02,-1.704530155738506747e-01,0.000000000000000000e+00,0.000000000000000000e+00,0.000000000000000000e+00,0.000000000000000000e+00,0.000000000000000000e+00,0.000000000000000000e+00,0.000000000000000000e+00,0.000000000000000000e+00,0.000000000000000000e+00,0.000000000000000000e+00,0.000000000000000000e+00,0.000000000000000000e+00,0.000000000000000000e+00
-5.316484727348645967e-01,-5.206024814179115168e-02,-4.019629645504758236e-02,8.946876696891714609e-02,-1.521107452617124489e-01,9.551045627390930201e-03,-9.410643150865817541e-02,0.000000000000000000e+00,0.000000000000000000e+00,0.000000000000000000e+00,0.000000000000000000e+00,0.000000000000000000e+00,0.000000000000000000e+00,0.000000000000000000e+00,0.000000000000000000e+00,0.000000000000000000e+00,0.000000000000000000e+00,0.000000000000000000e+00,0.000000000000000000e+00,0.000000000000000000e+00
-4.969880026292541331e-01,-3.492737495336507153e-02,-1.934238749918872763e-02,1.372189984561281162e-01,1.039125134055413936e-02,1.014256499192636718e-01,-1.036660268810104049e-02,0.000000000000000000e+00,0.000000000000000000e+00,0.000000000000000000e+00,0.000000000000000000e+00,0.000000000000000000e+00,0.000000000000000000e+00,0.000000000000000000e+00,0.000000000000000000e+00,0.000000000000000000e+00,0.000000000000000000e+00,0.000000000000000000e+00,0.000000000000000000e+00,0.000000000000000000e+00
-4.718406105246263915e-01,-5.826319775505791609e-01,1.148432761367096933e-01,1.715105983104272744e-02,-1.168658821605477460e-01,-1.004975786010277039e-01,5.080926591844574930e-02,0.000000000000000000e+00,0.000000000000000000e+00,0.000000000000000000e+00,0.000000000000000000e+00,0.000000000000000000e+00,0.000000000000000000e+00,0.000000000000000000e+00,0.000000000000000000e+00,0.000000000000000000e+00,0.000000000000000000e+00,0.000000000000000000e+00,0.000000000000000000e+00,0.000000000000000000e+00
-3.327619857455929031e-01,1.987470603617419798e-02,4.061215219034221280e-02,7.741884168441195979e-02,3.282635462326873727e-02,9.055441198266352132e-02,7.549639198215342406e-02,0.000000000000000000e+00,0.000000000000000000e+00,0.000000000000000000e+00,0.000000000000000000e+00,0.000000000000000000e+00,0.000000000000000000e+00,0.000000000000000000e+00,0.000000000000000000e+00,0.000000000000000000e+00,0.000000000000000000e+00,0.000000000000000000e+00,0.000000000000000000e+00,0.000000000000000000e+00
-4.180452467557117524e-01,-4.005828754506415290e-01,9.274109044181629014e-02,1.550371354120791759e-02,-4.465404937746135505e-02,-8.726419792156990540e-02,-1.995894867337956111e-02,0.000000000000000000e+00,0.000000000000000000e+00,0.000000000000000000e+00,0.000000000000000000e+00,0.000000000000000000e+00,0.000000000000000000e+00,0.000000000000000000e+00,0.000000000000000000e+00,0.000000000000000000e+00,0.000000000000000000e+00,0.000000000000000000e+00,0.000000000000000000e+00,0.000000000000000000e+00
-5.332143729842341306e-01,-1.501456564529368015e-02,6.521084082874363530e-02,4.105940778383246337e-02,-5.443095519562540091e-02,-3.487958079772290193e-02,-1.421118764211012908e-01,0.000000000000000000e+00,0.000000000000000000e+00,0.000000000000000000e+00,0.000000000000000000e+00,0.000000000000000000e+00,0.000000000000000000e+00,0.000000000000000000e+00,0.000000000000000000e+00,0.000000000000000000e+00,0.000000000000000000e+00,0.000000000000000000e+00,0.000000000000000000e+00,0.000000000000000000e+00
-6.620322895131655061e-01,1.080869001695212474e-02,2.158018746222499853e-02,8.849708457737305578e-02,-3.064572935201327342e-01,0.000000000000000000e+00,-7.316487927749759819e-03,0.000000000000000000e+00,0.000000000000000000e+00,0.000000000000000000e+00,0.000000000000000000e+00,0.000000000000000000e+00,0.000000000000000000e+00,0.000000000000000000e+00,0.000000000000000000e+00,0.000000000000000000e+00,0.000000000000000000e+00,0.000000000000000000e+00,0.000000000000000000e+00,0.000000000000000000e+00
-2.179574099667788700e-01,5.350240221319534778e-03,2.362212938543001295e-02,1.163403470670878737e-01,-2.558313211779202415e-02,2.035612778682530793e-03,1.546102577239033549e-01,0.000000000000000000e+00,0.000000000000000000e+00,0.000000000000000000e+00,0.000000000000000000e+00,0.000000000000000000e+00,0.000000000000000000e+00,0.000000000000000000e+00,0.000000000000000000e+00,0.000000000000000000e+00,0.000000000000000000e+00,0.000000000000000000e+00,0.000000000000000000e+00,0.000000000000000000e+00
-5.429385973576912328e-01,-1.584602005400959079e-02,-5.547334802888917449e-02,9.297442158793811640e-02,4.474026375443109632e-02,-1.052500747269110790e-02,-7.342520054146355057e-02,0.000000000000000000e+00,0.000000000000000000e+00,0.000000000000000000e+00,0.000000000000000000e+00,0.000000000000000000e+00,0.000000000000000000e+00,0.000000000000000000e+00,0.000000000000000000e+00,0.000000000000000000e+00,0.000000000000000000e+00,0.000000000000000000e+00,0.000000000000000000e+00,0.000000000000000000e+00
-5.995535166182214271e-01,-3.448095056621470339e-02,-1.451406713944846695e-02,5.773063609611114172e-02,-4.221596287713964835e-02,4.688817305214804804e-02,8.695114507516201255e-03,0.000000000000000000e+00,0.000000000000000000e+00,0.000000000000000000e+00,0.000000000000000000e+00,0.000000000000000000e+00,0.000000000000000000e+00,0.000000000000000000e+00,0.000000000000000000e+00,0.000000000000000000e+00,0.000000000000000000e+00,0.000000000000000000e+00,0.000000000000000000e+00,0.000000000000000000e+00
-4.616524967427544923e-01,0.000000000000000000e+00,1.628015350631604741e-01,-4.008890139480982516e-03,-6.440584989319059900e-03,2.936843735784963605e-02,-2.250518948538916125e-02,0.000000000000000000e+00,0.000000000000000000e+00,0.000000000000000000e+00,0.000000000000000000e+00,0.000000000000000000e+00,0.000000000000000000e+00,0.000000000000000000e+00,0.000000000000000000e+00,0.000000000000000000e+00,0.000000000000000000e+00,0.000000000000000000e+00,0.000000000000000000e+00,0.000000000000000000e+00
-5.604163376311369626e-01,1.227246462983110076e-02,-1.635044904979849334e-01,1.898594534603184059e-01,-8.177381439705017074e-02,7.995846799082251266e-02,-3.127993788227841770e-02,0.000000000000000000e+00,0.000000000000000000e+00,0.000000000000000000e+00,0.000000000000000000e+00,0.000000000000000000e+00,0.000000000000000000e+00,0.000000000000000000e+00,0.000000000000000000e+00,0.000000000000000000e+00,0.000000000000000000e+00,0.000000000000000000e+00,0.000000000000000000e+00,0.000000000000000000e+00
-1.598887915193085985e-01,-2.103658449993955556e-02,-1.919335784630849320e-02,5.847166433109654907e-03,4.451774634121625357e-02,4.309063095984382030e-02,5.139306002354942365e-03,0.000000000000000000e+00,0.000000000000000000e+00,0.000000000000000000e+00,0.000000000000000000e+00,0.000000000000000000e+00,0.000000000000000000e+00,0.000000000000000000e+00,0.000000000000000000e+00,0.000000000000000000e+00,0.000000000000000000e+00,0.000000000000000000e+00,0.000000000000000000e+00,0.000000000000000000e+00
-5.918602185158658990e-01,-5.042175908008635597e-03,-3.684324837285494342e-02,5.588459412381353159e-02,-1.272671193582458060e-01,-4.837409730348175146e-03,-8.269452373756347452e-02,0.000000000000000000e+00,0.000000000000000000e+00,0.000000000000000000e+00,0.000000000000000000e+00,0.000000000000000000e+00,0.000000000000000000e+00,0.000000000000000000e+00,0.000000000000000000e+00,0.000000000000000000e+00,0.000000000000000000e+00,0.000000000000000000e+00,0.000000000000000000e+00,0.000000000000000000e+00
-5.681061299399559061e-01,-5.162022839269948538e-01,8.832690490092875990e-02,-1.651932205695934297e-02,-1.476164029036043102e-01,-6.804576538973085287e-02,6.717835757132013808e-02,0.000000000000000000e+00,0.000000000000000000e+00,0.000000000000000000e+00,0.000000000000000000e+00,0.000000000000000000e+00,0.000000000000000000e+00,0.000000000000000000e+00,0.000000000000000000e+00,0.000000000000000000e+00,0.000000000000000000e+00,0.000000000000000000e+00,0.000000000000000000e+00,0.000000000000000000e+00
-5.455507333806326464e-01,4.709089943549525648e-02,-1.309656277637956390e-02,4.955994254525494802e-02,-4.503001501801661560e-02,2.464963301104863141e-02,-8.702473650118276727e-02,0.000000000000000000e+00,0.000000000000000000e+00,0.000000000000000000e+00,0.000000000000000000e+00,0.000000000000000000e+00,0.000000000000000000e+00,0.000000000000000000e+00,0.000000000000000000e+00,0.000000000000000000e+00,0.000000000000000000e+00,0.000000000000000000e+00,0.000000000000000000e+00,0.000000000000000000e+00
-2.932094950199343741e-01,1.724411225217745841e-02,-2.818914528425822338e-02,3.188005997594619417e-02,1.315824773096280487e-01,2.939361827950554354e-02,9.046773512402463135e-02,0.000000000000000000e+00,0.000000000000000000e+00,0.000000000000000000e+00,0.000000000000000000e+00,0.000000000000000000e+00,0.000000000000000000e+00,0.000000000000000000e+00,0.000000000000000000e+00,0.000000000000000000e+00,0.000000000000000000e+00,0.000000000000000000e+00,0.000000000000000000e+00,0.000000000000000000e+00
-3.720897554180893074e-01,-4.816999861571070324e-02,4.036621292189043059e-02,1.410438582493013515e-01,1.601917934194976301e-01,-7.091044360500934458e-05,-1.961700845845756967e-03,0.000000000000000000e+00,0.000000000000000000e+00,0.000000000000000000e+00,0.000000000000000000e+00,0.000000000000000000e+00,0.000000000000000000e+00,0.000000000000000000e+00,0.000000000000000000e+00,0.000000000000000000e+00,0.000000000000000000e+00,0.000000000000000000e+00,0.000000000000000000e+00,0.000000000000000000e+00
-5.242101982738971433e-01,2.426548930509124513e-02,1.520633388011029541e-01,1.272876734542388588e-01,1.445982306943238704e-02,-4.480151646587717321e-03,-5.596014122931698524e-03,0.000000000000000000e+00,0.000000000000000000e+00,0.000000000000000000e+00,0.000000000000000000e+00,0.000000000000000000e+00,0.000000000000000000e+00,0.000000000000000000e+00,0.000000000000000000e+00,0.000000000000000000e+00,0.000000000000000000e+00,0.000000000000000000e+00,0.000000000000000000e+00,0.000000000000000000e+00
-5.724996954948009531e-01,-3.619466404905739149e-02,-1.612548360748304599e-01,-1.911268573107155200e-01,-1.157383580760203284e-01,1.966101619036881298e-01,-7.488215897534529486e-02,0.000000000000000000e+00,0.000000000000000000e+00,0.000000000000000000e+00,0.000000000000000000e+00,0.000000000000000000e+00,0.000000000000000000e+00,0.000000000000000000e+00,0.000000000000000000e+00,0.000000000000000000e+00,0.000000000000000000e+00,0.000000000000000000e+00,0.000000000000000000e+00,0.000000000000000000e+00
-4.389660079576882534e-01,-1.078181048348992727e-01,8.551102210366597067e-02,1.305441501798165760e-01,-3.687999423540142593e-03,4.824756042731685735e-02,-3.418516985705491971e-03,0.000000000000000000e+00,0.000000000000000000e+00,0.000000000000000000e+00,0.000000000000000000e+00,0.000000000000000000e+00,0.000000000000000000e+00,0.000000000000000000e+00,0.000000000000000000e+00,0.000000000000000000e+00,0.000000000000000000e+00,0.000000000000000000e+00,0.000000000000000000e+00,0.000000000000000000e+00
-2.752418473757725081e-01,2.457132246721839466e-03,7.161246129654112724e-02,7.307690550281183139e-02,4.390348300404336990e-02,9.257954542613786031e-02,7.037587429257281813e-02,0.000000000000000000e+00,0.000000000000000000e+00,0.000000000000000000e+00,0.000000000000000000e+00,0.000000000000000000e+00,0.000000000000000000e+00,0.000000000000000000e+00,0.000000000000000000e+00,0.000000000000000000e+00,0.000000000000000000e+00,0.000000000000000000e+00,0.000000000000000000e+00,0.000000000000000000e+00
-4.823999323208105205e-01,-4.204421658984244629e-03,4.030981887160192678e-02,1.294132050832728087e-01,1.974282916967582194e-02,9.260090574444533726e-04,-8.102657578996513843e-02,0.000000000000000000e+00,0.000000000000000000e+00,0.000000000000000000e+00,0.000000000000000000e+00,0.000000000000000000e+00,0.000000000000000000e+00,0.000000000000000000e+00,0.000000000000000000e+00,0.000000000000000000e+00,0.000000000000000000e+00,0.000000000000000000e+00,0.000000000000000000e+00,0.000000000000000000e+00
-4.461240371346071321e-01,5.958539610597692309e-04,5.671728621889777751e-04,1.586306910356018451e-01,-4.187242765048616866e-02,1.067124285396190420e-01,-2.416351970887259740e-02,0.000000000000000000e+00,0.000000000000000000e+00,0.000000000000000000e+00,0.000000000000000000e+00,0.000000000000000000e+00,0.000000000000000000e+00,0.000000000000000000e+00,0.000000000000000000e+00,0.000000000000000000e+00,0.000000000000000000e+00,0.000000000000000000e+00,0.000000000000000000e+00,0.000000000000000000e+00
-6.085062893130688266e-01,-1.301757612775282513e-02,-7.691957471557335502e-02,1.797478209612750344e-01,-1.848369460804125397e-01,-1.013704888474091792e-01,-1.357916795433577184e-01,0.000000000000000000e+00,0.000000000000000000e+00,0.000000000000000000e+00,0.000000000000000000e+00,0.000000000000000000e+00,0.000000000000000000e+00,0.000000000000000000e+00,0.000000000000000000e+00,0.000000000000000000e+00,0.000000000000000000e+00,0.000000000000000000e+00,0.000000000000000000e+00,0.000000000000000000e+00
-1.533469342065590657e-01,3.326284832495255556e-02,3.365698739178984988e-02,2.732077653585480992e-02,1.182672029652486780e-02,-5.773514499300958641e-02,2.041959946027422398e-04,0.000000000000000000e+00,0.000000000000000000e+00,0.000000000000000000e+00,0.000000000000000000e+00,0.000000000000000000e+00,0.000000000000000000e+00,0.000000000000000000e+00,0.000000000000000000e+00,0.000000000000000000e+00,0.000000000000000000e+00,0.000000000000000000e+00,0.000000000000000000e+00,0.000000000000000000e+00
-4.971398096621701401e-01,8.442423663519456334e-02,-2.117991667423447730e-02,8.044744467060047088e-02,1.078141684249368445e-02,5.773393162191860217e-02,4.417031635931459484e-03,0.000000000000000000e+00,0.000000000000000000e+00,0.000000000000000000e+00,0.000000000000000000e+00,0.000000000000000000e+00,0.000000000000000000e+00,0.000000000000000000e+00,0.000000000000000000e+00,0.000000000000000000e+00,0.000000000000000000e+00,0.000000000000000000e+00,0.000000000000000000e+00,0.000000000000000000e+00
-1.683975851803378165e-01,5.773672024985008339e-02,2.832554199204135800e-02,3.386872857335628678e-02,-5.579628719843535145e-03,3.247004995417414330e-02,8.732512251487205279e-02,0.000000000000000000e+00,0.000000000000000000e+00,0.000000000000000000e+00,0.000000000000000000e+00,0.000000000000000000e+00,0.000000000000000000e+00,0.000000000000000000e+00,0.000000000000000000e+00,0.000000000000000000e+00,0.000000000000000000e+00,0.000000000000000000e+00,0.000000000000000000e+00,0.000000000000000000e+00
-3.410964332819918510e-01,-5.824359034501095517e-02,1.087166209066215833e-01,1.207607077422161584e-01,4.092743754812543100e-02,8.308279848929522871e-02,1.645888764399971310e-02,0.000000000000000000e+00,0.000000000000000000e+00,0.000000000000000000e+00,0.000000000000000000e+00,0.000000000000000000e+00,0.000000000000000000e+00,0.000000000000000000e+00,0.000000000000000000e+00,0.000000000000000000e+00,0.000000000000000000e+00,0.000000000000000000e+00,0.000000000000000000e+00,0.000000000000000000e+00
-3.670542179278403205e-01,-5.367041952586334291e-02,5.615727294588779978e-02,6.356136154023808715e-02,2.023513185988801491e-02,8.774905260571327914e-02,3.575418806744085076e-02,0.000000000000000000e+00,0.000000000000000000e+00,0.000000000000000000e+00,0.000000000000000000e+00,0.000000000000000000e+00,0.000000000000000000e+00,0.000000000000000000e+00,0.000000000000000000e+00,0.000000000000000000e+00,0.000000000000000000e+00,0.000000000000000000e+00,0.000000000000000000e+00,0.000000000000000000e+00
-3.612970041462699178e-01,-9.074045957856487210e-02,3.028128784571462034e-02,1.356619421177491791e-01,-5.442999035154372049e-03,2.453849347733711751e-03,1.005184289905490004e-02,0.000000000000000000e+00,0.000000000000000000e+00,0.000000000000000000e+00,0.000000000000000000e+00,0.000000000000000000e+00,0.000000000000000000e+00,0.000000000000000000e+00,0.000000000000000000e+00,0.000000000000000000e+00,0.000000000000000000e+00,0.000000000000000000e+00,0.000000000000000000e+00,0.000000000000000000e+00
-4.576073298080569063e-01,-0.000000000000000000e+00,1.095316952377644315e-01,5.570916879677111078e-02,-5.692698460991220399e-02,7.743615395021574699e-02,-4.381409784160576748e-02,0.000000000000000000e+00,0.000000000000000000e+00,0.000000000000000000e+00,0.000000000000000000e+00,0.000000000000000000e+00,0.000000000000000000e+00,0.000000000000000000e+00,0.000000000000000000e+00,0.000000000000000000e+00,0.000000000000000000e+00,0.000000000000000000e+00,0.000000000000000000e+00,0.000000000000000000e+00
1.813347682023144086e-02,1.483384887991318849e-03,9.662243275708668182e-04,1.340291255990327599e-02,-2.338606582716473009e-02,4.512410187503387154e-02,6.299718577559952626e-02,0.000000000000000000e+00,0.000000000000000000e+00,0.000000000000000000e+00,0.000000000000000000e+00,0.000000000000000000e+00,0.000000000000000000e+00,0.000000000000000000e+00,0.000000000000000000e+00,0.000000000000000000e+00,0.000000000000000000e+00,0.000000000000000000e+00,0.000000000000000000e+00,0.000000000000000000e+00
-3.353732613523608408e-01,9.732425898757039728e-02,2.237177776793456210e-02,1.725019241007734114e-02,1.662263444481289487e-01,-4.574233958890632640e-02,7.058585146716326621e-03,0.000000000000000000e+00,0.000000000000000000e+00,0.000000000000000000e+00,0.000000000000000000e+00,0.000000000000000000e+00,0.000000000000000000e+00,0.000000000000000000e+00,0.000000000000000000e+00,0.000000000000000000e+00,0.000000000000000000e+00,0.000000000000000000e+00,0.000000000000000000e+00,0.000000000000000000e+00
-5.740767283914728347e-01,-1.691390762379147913e-02,-1.090272637647096282e-01,1.474857656731632383e-01,-1.761296825734635363e-01,-3.746961231486086591e-02,-2.193099422067102400e-01,0.000000000000000000e+00,0.000000000000000000e+00,0.000000000000000000e+00,0.000000000000000000e+00,0.000000000000000000e+00,0.000000000000000000e+00,0.000000000000000000e+00,0.000000000000000000e+00,0.000000000000000000e+00,0.000000000000000000e+00,0.000000000000000000e+00,0.000000000000000000e+00,0.000000000000000000e+00
-5.192771911872571255e-01,-7.286907894251293261e-03,-4.298970502344895417e-02,7.360901292039040422e-02,-1.950480732626571623e-01,6.379501568415663071e-02,-1.071038529888748841e-01,0.000000000000000000e+00,0.000000000000000000e+00,0.000000000000000000e+00,0.000000000000000000e+00,0.000000000000000000e+00,0.000000000000000000e+00,0.000000000000000000e+00,0.000000000000000000e+00,0.000000000000000000e+00,0.000000000000000000e+00,0.000000000000000000e+00,0.000000000000000000e+00,0.000000000000000000e+00
-5.959613966841079691e-01,2.394923975969553628e-03,-6.587521446014904525e-02,1.245629814363204829e-01,-2.713561274613978669e-01,-8.426854363699970429e-02,-1.147137338941279922e-01,0.000000000000000000e+00,0.000000000000000000e+00,0.000000000000000000e+00,0.000000000000000000e+00,0.000000000000000000e+00,0.000000000000000000e+00,0.000000000000000000e+00,0.000000000000000000e+00,0.000000000000000000e+00,0.000000000000000000e+00,0.000000000000000000e+00,0.000000000000000000e+00,0.000000000000000000e+00
-3.047637571814046376e-01,-1.779681309137434372e-02,9.220019428045619914e-02,3.681716090577882156e-02,-2.867320278725562499e-01,5.543975655869561037e-02,-1.835360671312940423e-02,0.000000000000000000e+00,0.000000000000000000e+00,0.000000000000000000e+00,0.000000000000000000e+00,0.000000000000000000e+00,0.000000000000000000e+00,0.000000000000000000e+00,0.000000000000000000e+00,0.000000000000000000e+00,0.000000000000000000e+00,0.000000000000000000e+00,0.000000000000000000e+00,0.000000000000000000e+00
-3.693844598441184957e-01,-9.826033736111602912e-02,-9.423442125030222216e-02,9.517769413753582319e-02,2.075339692797329230e-02,-2.778513613649376615e-02,-2.337327577391954889e-02,0.000000000000000000e+00,0.000000000000000000e+00,0.000000000000000000e+00,0.000000000000000000e+00,0.000000000000000000e+00,0.000000000000000000e+00,0.000000000000000000e+00,0.000000000000000000e+00,0.000000000000000000e+00,0.000000000000000000e+00,0.000000000000000000e+00,0.000000000000000000e+00,0.000000000000000000e+00
-5.486091504378356465e-01,-8.225605868072569105e-03,-5.519929493513529850e-02,1.278189326546614879e-01,-1.894379940716346966e-01,-2.849552952765356181e-02,-3.615516590740141395e-02,0.000000000000000000e+00,0.000000000000000000e+00,0.000000000000000000e+00,0.000000000000000000e+00,0.000000000000000000e+00,0.000000000000000000e+00,0.000000000000000000e+00,0.000000000000000000e+00,0.000000000000000000e+00,0.000000000000000000e+00,0.000000000000000000e+00,0.000000000000000000e+00,0.000000000000000000e+00
-6.284773206533426082e-01,-7.370926319309575869e-02,-1.550130205096512948e-01,-1.180049921546251629e-01,-2.904340146529097930e-02,3.419504361760352662e-01,-3.715084335149976963e-02,0.000000000000000000e+00,0.000000000000000000e+00,0.000000000000000000e+00,0.000000000000000000e+00,0.000000000000000000e+00,0.000000000000000000e+00,0.000000000000000000e+00,0.000000000000000000e+00,0.000000000000000000e+00,0.000000000000000000e+00,0.000000000000000000e+00,0.000000000000000000e+00,0.000000000000000000e+00
-2.522733293128203158e-01,-3.088537747042219023e-03,1.115250407133649424e-01,3.840159055957968748e-02,5.557469445117028950e-02,4.801771948076505314e-02,2.126977077220985890e-02,0.000000000000000000e+00,0.000000000000000000e+00,0.000000000000000000e+00,0.000000000000000000e+00,0.000000000000000000e+00,0.000000000000000000e+00,0.000000000000000000e+00,0.000000000000000000e+00,0.000000000000000000e+00,0.000000000000000000e+00,0.000000000000000000e+00,0.000000000000000000e+00,0.000000000000000000e+00
-6.705219424110863136e-01,-2.291747824118858801e-02,-8.839413656192131319e-02,1.900803207373022718e-01,-1.918360655932673242e-01,-1.286468269115020047e-01,3.603437987897782357e-01,0.000000000000000000e+00,0.000000000000000000e+00,0.000000000000000000e+00,0.000000000000000000e+00,0.000000000000000000e+00,0.000000000000000000e+00,0.000000000000000000e+00,0.000000000000000000e+00,0.000000000000000000e+00,0.000000000000000000e+00,0.000000000000000000e+00,0.000000000000000000e+00,0.000000000000000000e+00
-4.998009842305902173e-01,1.306159302868263941e-02,-5.154408703854585633e-02,1.311224625859794823e-01,6.464919859007454972e-02,9.261384442750358881e-02,-3.827481088292131184e-02,0.000000000000000000e+00,0.000000000000000000e+00,0.000000000000000000e+00,0.000000000000000000e+00,0.000000000000000000e+00,0.000000000000000000e+00,0.000000000000000000e+00,0.000000000000000000e+00,0.000000000000000000e+00,0.000000000000000000e+00,0.000000000000000000e+00,0.000000000000000000e+00,0.000000000000000000e+00
-7.542650809738645767e-01,-6.037105398531522615e-02,3.457896851087402523e-02,-8.775854729987878078e-02,-1.657970202876900279e-02,-2.388900771622932684e-01,2.242298347428317226e-02,0.000000000000000000e+00,0.000000000000000000e+00,0.000000000000000000e+00,0.000000000000000000e+00,0.000000000000000000e+00,0.000000000000000000e+00,0.000000000000000000e+00,0.000000000000000000e+00,0.000000000000000000e+00,0.000000000000000000e+00,0.000000000000000000e+00,0.000000000000000000e+00,0.000000000000000000e+00
-6.194773033662679396e-01,-0.000000000000000000e+00,-1.676856479374446984e-01,1.090718912038375482e-01,5.206292191812274261e-02,1.756806314030925353e-01,-1.674878143724535876e-02,0.000000000000000000e+00,0.000000000000000000e+00,0.000000000000000000e+00,0.000000000000000000e+00,0.000000000000000000e+00,0.000000000000000000e+00,0.000000000000000000e+00,0.000000000000000000e+00,0.000000000000000000e+00,0.000000000000000000e+00,0.000000000000000000e+00,0.000000000000000000e+00,0.000000000000000000e+00
-5.296587479192733650e-01,-1.521429983232450989e-01,7.114871984749721046e-02,7.440424837250493584e-02,-2.778222025860647704e-01,0.000000000000000000e+00,3.022224474409139147e-03,0.000000000000000000e+00,0.000000000000000000e+00,0.000000000000000000e+00,0.000000000000000000e+00,0.000000000000000000e+00,0.000000000000000000e+00,0.000000000000000000e+00,0.000000000000000000e+00,0.000000000000000000e+00,0.000000000000000000e+00,0.000000000000000000e+00,0.000000000000000000e+00,0.000000000000000000e+00
-6.035572247226048681e-01,-2.792023982270741209e-02,-5.081663332469247424e-02,8.509703441950966507e-02,-9.571365680477673943e-02,-1.206009314813213523e-01,3.358038547758213643e-01,0.000000000000000000e+00,0.000000000000000000e+00,0.000000000000000000e+00,0.000000000000000000e+00,0.000000000000000000e+00,0.000000000000000000e+00,0.000000000000000000e+00,0.000000000000000000e+00,0.000000000000000000e+00,0.000000000000000000e+00,0.000000000000000000e+00,0.000000000000000000e+00,0.000000000000000000e+00
-4.564704655672696121e-01,4.300535079300078951e-03,-3.393878023397963492e-04,1.601339271607444825e-01,-1.231944682651708728e-01,6.113450016809023058e-02,-4.546386012050783465e-02,0.000000000000000000e+00,0.000000000000000000e+00,0.000000000000000000e+00,0.000000000000000000e+00,0.000000000000000000e+00,0.000000000000000000e+00,0.000000000000000000e+00,0.000000000000000000e+00,0.000000000000000000e+00,0.000000000000000000e+00,0.000000000000000000e+00,0.000000000000000000e+00,0.000000000000000000e+00
-5.802357866765320837e-01,-7.021254621755761670e-03,-1.123985129921321602e-01,-1.525941952400023949e-01,-7.429795136259158272e-02,2.225430914412682981e-01,-1.110524101550780518e-01,0.000000000000000000e+00,0.000000000000000000e+00,0.000000000000000000e+00,0.000000000000000000e+00,0.000000000000000000e+00,0.000000000000000000e+00,0.000000000000000000e+00,0.000000000000000000e+00,0.000000000000000000e+00,0.000000000000000000e+00,0.000000000000000000e+00,0.000000000000000000e+00,0.000000000000000000e+00
-4.965826077104615321e-01,1.189437131010844494e-02,1.464733977439811388e-02,6.685983987964175257e-02,6.793877308703961948e-02,6.395513685087793332e-02,-0.000000000000000000e+00,0.000000000000000000e+00,0.000000000000000000e+00,0.000000000000000000e+00,0.000000000000000000e+00,0.000000000000000000e+00,0.000000000000000000e+00,0.000000000000000000e+00,0.000000000000000000e+00,0.000000000000000000e+00,0.000000000000000000e+00,0.000000000000000000e+00,0.000000000000000000e+00,0.000000000000000000e+00
-1.660805945795361949e-01,-7.149687465138959697e-02,7.172146781097180068e-02,9.844058092284375060e-05,-4.876361153307777474e-02,-5.459592504042212573e-03,4.153763643370039782e-02,0.000000000000000000e+00,0.000000000000000000e+00,0.000000000000000000e+00,0.000000000000000000e+00,0.000000000000000000e+00,0.000000000000000000e+00,0.000000000000000000e+00,0.000000000000000000e+00,0.000000000000000000e+00,0.000000000000000000e+00,0.000000000000000000e+00,0.000000000000000000e+00,0.000000000000000000e+00
-3.542305144186280175e-01,-5.530864688970165560e-02,1.492923489965755635e-01,2.569821342636361902e-02,-2.438996862605884164e-01,5.864586202596632630e-02,1.665655460116227497e-03,0.000000000000000000e+00,0.000000000000000000e+00,0.000000000000000000e+00,0.000000000000000000e+00,0.000000000000000000e+00,0.000000000000000000e+00,0.000000000000000000e+00,0.000000000000000000e+00,0.000000000000000000e+00,0.000000000000000000e+00,0.000000000000000000e+00,0.000000000000000000e+00,0.000000000000000000e+00
